id,pair,arm,kind,draw,success,n_points,chi2,dof,kex,pB,kab,kba,v1n_scale,A1.peak_ppm,A1.dw_ppm,A1.R1,A1.R2a,A1.R2b,G2.peak_ppm,G2.dw_ppm,G2.R1,G2.R2a,G2.R2b,S3.peak_ppm,S3.dw_ppm,S3.R1,S3.R2a,S3.R2b,A1.R1H,A1.R2H,G2.R1H,G2.R2H,S3.R1H,S3.R2H
25_100_baseline_exact,25_100,baseline,exact,-1,True,882,1.9716649330676393e-16,864,299.99999999997846,0.05000000000004046,15.000000000011061,284.9999999999674,1.0800000000001593,120.00000000000004,3.000000000000926,1.4999999999997813,11.99999999996878,15.000000000116243,118.49999999999798,2.1999999999999837,1.2999999999999883,9.99999999996609,20.000000000346066,121.50000000000126,-2.49999999999988,1.699999999999785,15.99999999998291,25.000000000157367,2.0,25.0,1.2,18.0,3.0,35.0
25_100_baseline_noisy,25_100,baseline,noisy,-1,True,882,808.2247442957052,864,299.68869908226225,0.04979306680022968,14.922419412677014,284.76627966958523,1.0827233505582379,120.00003172649022,3.0009653585943163,1.5003611281985587,11.900718440554215,15.14146426174756,118.49982813690245,2.2011823902410756,1.2997095804309051,9.960408199958968,19.632565197576177,121.49993390827484,-2.5020946380519873,1.700024910727832,15.964386769128192,24.486422656460395,2.0,25.0,1.2,18.0,3.0,35.0
25_100_broad_R1H_00,25_100,broad_R1H,noisy,0,True,882,805.906007532002,864,299.6932404957599,0.04980397463671562,14.92591454844594,284.76732594731396,1.0825879095887792,120.00002939546698,3.000957985152881,1.5003683439963038,11.904236319301162,15.137795596813575,118.4998367921142,2.201165220344552,1.2996928318494285,9.962775688723086,19.635233194531196,121.5000352034705,-2.502157538620352,1.7000490463027234,15.966830132554252,24.49799480598008,1.8390178123841476,25.0,2.0532787469891285,18.0,1.848338510625374,35.0
25_100_broad_R1H_01,25_100,broad_R1H,noisy,1,True,882,808.5588678742258,864,299.6346087691823,0.04981856782816483,14.927367080633141,284.7072416885492,1.0824036578857261,120.00007178281601,3.000857045669395,1.500323407755034,11.904378108888944,15.192927630008837,118.49984854582928,2.201127335432755,1.2997204231294368,9.967839550776443,19.64198694013076,121.5000334357605,-2.502127031081141,1.7000528716552727,15.973226442176955,24.514680099574008,3.835221283955044,25.0,0.8462873740395102,18.0,1.6305361177901565,35.0
25_100_broad_R1H_02,25_100,broad_R1H,noisy,2,True,882,809.5744748030634,864,299.69996144906565,0.04977804468507457,14.918478073126716,284.78148337593893,1.082918189244896,120.00002441020762,3.000996431417097,1.5003634360046632,11.896603944834283,15.131347966184702,118.49981766531842,2.2012073794031015,1.2997201635413633,9.956490383650099,19.627243246593093,121.49992478127257,-2.502106391829634,1.7000158928286015,15.958389583439207,24.481091628572738,1.7346730350570154,25.0,0.6124626077832709,18.0,3.3050987525768543,35.0
25_100_broad_R1H_03,25_100,broad_R1H,noisy,3,True,882,809.7440923199815,864,299.6625973345555,0.0497999449458078,14.923180849578637,284.7394164849769,1.0826325238780865,120.00004964455515,3.0009218642775095,1.5003425088714712,11.901155111285954,15.165541916284639,118.4998350784137,2.2011647467738484,1.2997206574804958,9.96287035763736,19.63577087868566,121.49988928733379,-2.502048967161982,1.700019167711895,15.968240434288868,24.488773068402907,2.8305651159013028,25.0,0.7204242122464012,18.0,3.3285916963575515,35.0
25_100_broad_R1H_04,25_100,broad_R1H,noisy,4,True,882,813.1836027638615,864,299.70724406069166,0.0497741152089413,14.917662894831157,284.7895811658605,1.0829466674177126,120.00001544082299,3.0010211466163352,1.5003751995418964,11.897382510807176,15.12130220536566,118.49981586180847,2.201219371846463,1.2997140799791638,9.955851352740538,19.627657205131385,121.49965491300284,-2.5019170423305455,1.699968360067395,15.961973600425978,24.446894580354734,1.2109836958709859,25.0,0.8611402862435381,18.0,5.988944146878341,35.0
25_100_broad_R1H_05,25_100,broad_R1H,noisy,5,True,882,807.2187110732408,864,299.62548904330083,0.04984337240758783,14.93434483319087,284.69114421010994,1.082069420624274,120.00007530690442,3.0008246161586,1.500331637259264,11.912708355659936,15.199152897462815,118.49987098987613,2.2010874675636307,1.2996932931293474,9.974448083004567,19.650557141599897,121.49991281863822,-2.5020120524727867,1.7000444442865736,15.985706743047784,24.505094531780003,3.7885230459940336,25.0,2.2665451232100065,18.0,2.47080103071988,35.0
25_100_broad_R1H_06,25_100,broad_R1H,noisy,6,True,882,808.7958140171331,864,299.64331489430714,0.04981142444037623,14.925660338921642,284.7176545553855,1.0824951596002297,120.00006539954039,3.000877329549155,1.5003277933227113,11.902743226304633,15.18483535232549,118.49984331748333,2.201140438052031,1.2997226908551742,9.965902095476402,19.639410390934327,121.50002052693607,-2.5021272250167987,1.7000472377866045,15.970510723890067,24.510253101885734,3.56995455476811,25.0,0.6967182921111676,18.0,1.8635347988470543,35.0
25_100_broad_R1H_07,25_100,broad_R1H,noisy,7,True,882,807.1432210017078,864,299.70079130773127,0.04980010979806163,14.925132313690971,284.77565899404027,1.0826270699667093,120.00002254942059,3.0009772301752036,1.5003762230130717,11.90423136339536,15.129447519577807,118.4998348193025,2.201174578781208,1.2996908362781618,9.961920724625386,19.634219462298685,121.4999083183302,-2.5020717430651764,1.700025073928076,15.96765945846559,24.480810182252284,1.4760873996839512,25.0,2.1237215274896064,18.0,3.158969799281719,35.0
25_100_broad_R1H_08,25_100,broad_R1H,noisy,8,True,882,807.312107693567,864,299.6607158059197,0.04981107326775866,14.926421870477673,284.73429393544205,1.0824970922692532,120.00005219904759,3.0009041155425913,1.5003436050435968,11.904102142784726,15.16810536595345,118.4998419923945,2.2011464866218824,1.2997089074754529,9.96536236270403,19.638942026627916,121.500012109996,-2.5021256735812925,1.7000466776152587,15.970393728550759,24.504571807686254,2.9198478991001453,25.0,1.340309818755957,18.0,1.9611658832244174,35.0
25_100_broad_R1H_09,25_100,broad_R1H,noisy,9,True,882,810.4887017947609,864,299.67393309552165,0.04979732752869677,14.922960998170455,284.75097209735117,1.0826559207770903,120.00003965146583,3.00094567674454,1.5003544953833137,11.901850248497537,15.153447831472214,118.49983307969319,2.2011738148294966,1.2997128619593263,9.96215358405356,19.63541489657893,121.49977250717217,-2.5019699829604374,1.699998434134602,15.969352540412427,24.47173201033381,2.310879764447119,25.0,1.065411533384217,18.0,4.511691356480508,35.0
25_100_broad_R1H_10,25_100,broad_R1H,noisy,10,True,882,807.379812342997,864,299.635068880518,0.049827844820849156,14.9301697150629,284.7048991654551,1.082280539760875,120.0000705126157,3.0008498069839966,1.5003293378742815,11.907665228050732,15.191805725668129,118.49985564067491,2.2011138935082193,1.2997073965991583,9.970127060984389,19.645115756863504,121.50001519843629,-2.5021043414837756,1.7000547091412188,15.977339402498597,24.513187300489648,3.700988297771492,25.0,1.5124986036328347,18.0,1.6815743355122739,35.0
25_100_broad_R1H_11,25_100,broad_R1H,noisy,11,True,882,807.5520559991368,864,299.6814042006296,0.04979311235456895,14.92206982993694,284.7593343706926,1.0827351880260077,120.00003890857462,3.0009495501503944,1.500351096172417,11.8993861334216,15.149893413839727,118.49982769273437,2.2011782636615695,1.299716439704384,9.960308957330929,19.632209103513404,121.50007307746223,-2.50219329639905,1.7000491013628594,15.961771878017538,24.504683117375126,2.4079994578758304,25.0,0.8780702595044605,18.0,1.61886250813535,35.0
25_100_broad_R1H_12,25_100,broad_R1H,noisy,12,True,882,808.1682420369538,864,299.6806675768065,0.04978951505106047,14.920955108827258,284.7597124679792,1.082781777245228,120.00003956135286,3.0009521291174757,1.5003486925228915,11.898147429387386,15.150679263966952,118.49982572219548,2.201183041034145,1.2997216480846843,9.95947955194375,19.631011429073652,121.5000657661486,-2.502191584624934,1.700045784985021,15.960460325961803,24.503741970780986,2.463572001361338,25.0,0.6118424905080412,18.0,1.7418527698543063,35.0
25_100_broad_R1H_13,25_100,broad_R1H,noisy,13,True,882,810.0175989493921,864,299.6252181504793,0.04982901356023498,14.930029058208598,284.6951890922707,1.0822479096683588,120.00007435350821,3.0008424228948605,1.5003270150404913,11.908488194172103,15.198580972179904,118.49985834898459,2.201112275245393,1.29971062728102,9.971129637356494,19.64701376604495,121.4997912643671,-2.5019389586259506,1.7000155645105146,15.98221688783702,24.489673166271444,3.8035133080805035,25.0,1.3629690745385876,18.0,3.863173916273266,35.0
25_100_broad_R1H_14,25_100,broad_R1H,noisy,14,True,882,808.4215240689814,864,299.7036284184656,0.049788027009108754,14.921652346426459,284.78197607203913,1.082784087134725,120.00002083828444,3.000993578636832,1.5003728805135057,11.900466285732437,15.127005672860935,118.49982421917552,2.201194704308159,1.2997039859669979,9.958885603202406,19.63063711428265,121.49989133275983,-2.5020726963839017,1.7000157389963735,15.963054753184085,24.477009148630373,1.4703492822586228,25.0,1.4321684478833832,18.0,3.4961340157321836,35.0
25_100_broad_R1H_15,25_100,broad_R1H,noisy,15,True,882,808.4751183971935,864,299.7045567256999,0.04978021980782551,14.919358711212249,284.78519801448766,1.0828931111860534,120.00002169134505,3.0009994104724784,1.5003675033627637,11.897458807929395,15.127367931701057,118.499818068346,2.2012053625262196,1.2997143225710703,9.956787491675138,19.627664204284326,121.49997212294254,-2.5021393763680733,1.7000256491774017,15.958316695720617,24.485624514940877,1.5979693902046062,25.0,0.9006606523787575,18.0,2.811489638593411,35.0
25_100_broad_R2H_00,25_100,broad_R2H,noisy,0,True,882,979.7179639193073,864,298.83921479984946,0.050101396668555516,14.972262040806923,283.86695275904253,1.0788991903363108,120.00080214018051,2.9992988664745717,1.4999228072316435,11.924512463348451,15.903690662084092,118.50008134477326,2.2004826637982906,1.2997996802338052,10.05193617019991,19.794552285161497,121.50143187889694,-2.5026586616465147,1.7004653764491424,16.07074670926165,24.895892497071937,2.0,39.477738709376794,1.2,16.43141869870461,3.0,24.67206975108339
25_100_broad_R2H_01,25_100,broad_R2H,noisy,1,True,882,876.3742769304827,864,299.4411202386829,0.04980605004864542,14.913979421230293,284.5271408174526,1.0827579260645053,120.00021647844214,3.000548732810216,1.5001817046302555,11.874487502958317,15.372206889081367,118.49982934907754,2.2010870248200787,1.2996876259497678,9.961027812855919,19.68494990678337,121.5020660378235,-2.5035555804414575,1.7005051147115102,15.934050831094314,24.774834258089864,2.0,29.403430036965894,1.2,18.102083627764795,3.0,23.00313983791703
25_100_broad_R2H_02,25_100,broad_R2H,noisy,2,True,882,945.6451275147765,864,299.5180885750373,0.049847872674117735,14.930339542883578,284.58774903215374,1.0822090846874106,120.00016191124604,3.000610679992424,1.500246603641455,11.894095248126993,15.30599019342991,118.5000424890391,2.2009139991863904,1.2994855194023307,9.970436191424213,19.687069249641286,121.50250490108532,-2.503842205016168,1.7007313215285296,15.946642125837146,24.779617550214617,2.0,28.108573200360095,1.2,22.709530290671317,3.0,18.454293151115767
25_100_broad_R2H_03,25_100,broad_R2H,noisy,3,True,882,1164.5067908089502,864,300.6248574819241,0.049315962479533,14.825604191993525,285.79925328993056,1.0886331711460249,119.99962419888186,3.0027918410762364,1.5007232814318467,11.837470131198781,14.246304372265298,118.49948059991539,2.2021875961598103,1.2996773397825125,9.829889213033038,19.435362139354122,121.49640848722933,-2.5002371570324686,1.6993647875486997,15.831622224309474,23.75764218912579,2.0,14.710690359482856,1.2,17.53288633933033,3.0,54.30735740538176
25_100_broad_R2H_04,25_100,broad_R2H,noisy,4,True,882,1158.1506335501088,864,300.70187828301596,0.04974273328543265,14.957733329860694,285.7441449531553,1.0833098968796688,119.99965202097565,3.002216521556401,1.5008222697050002,11.95385921353543,14.285706527652819,118.50078196542326,2.200758243948641,1.2991962579939689,9.944326545223241,19.367704352980965,121.50249862222257,-2.50425297284603,1.7007117073826843,15.898878971595918,24.47395685504435,2.0,15.218066330301442,1.2,30.423737426773336,3.0,20.18174501312099
25_100_broad_R2H_05,25_100,broad_R2H,noisy,5,True,882,1042.5526358724983,864,300.58361609259,0.04953073654496119,14.888127898413831,285.69548819417616,1.086262453906929,119.9996609406754,3.0023170309456093,1.5007016862673956,11.872444055640722,14.357508588138817,118.49989545291166,2.201570321104233,1.2993763018704185,9.874169116032544,19.45766287355927,121.50283871329377,-2.5046657488956523,1.7006984211510345,15.804167429458005,24.51272979818392,2.0,16.363321497079536,1.2,24.90511411942418,3.0,19.071229873119517
25_100_broad_R2H_06,25_100,broad_R2H,noisy,6,True,882,1393.052329060358,864,299.75541451863546,0.049094414801591144,14.716316659400785,285.0390978592347,1.0915501387129793,119.99984976793169,3.002169348636726,1.5003024328108268,11.721338657443733,14.909427121806194,118.4994093626737,2.2023570622021986,1.2996143657528048,9.783240682417281,19.618343662630224,121.49379140250406,-2.498326446923358,1.6989376145963202,15.79528301603367,23.62687375930862,2.0,21.435901826968053,1.2,16.243453431888174,3.0,69.60100577826066
25_100_broad_R2H_07,25_100,broad_R2H,noisy,7,True,882,902.5006559835545,864,299.3946600253002,0.049753448929758366,14.895916927411141,284.4987430978891,1.0834400004195468,120.00026720529183,3.0005152351124775,1.5001184374967733,11.85187610746001,15.424302912809976,118.49985471502765,2.2011111263635383,1.2998055708544785,9.951805895917804,19.653985967788298,121.50207124296968,-2.50360489283741,1.700469909956433,15.913309895866655,24.786441845061812,2.0,30.6494342388468,1.2,15.256559645623723,3.0,23.402212054362604
25_100_broad_R2H_08,25_100,broad_R2H,noisy,8,True,882,1036.9948571637074,864,298.49340503717036,0.05025708941161561,15.001409745730664,283.4919952914397,1.0766294735710695,120.0011172516729,2.9987083379356587,1.4998491593665384,11.968323187962797,16.160000495891396,118.50024089620142,2.2001929453605764,1.2998477325855746,10.107464184614583,19.867366077031935,121.49792769159797,-2.4998716511653023,1.699883297435317,16.202038091337876,24.612483257655924,2.0,43.67881768596865,1.2,15.767607651464882,3.0,40.670669706174664
25_100_broad_R2H_09,25_100,broad_R2H,noisy,9,True,882,1298.3844385460225,864,300.8394644280701,0.04910688777397432,14.773289817651776,286.0661746104183,1.0913404954993018,119.99956875106777,3.003260168507875,1.5007328017710257,11.784899640847833,14.067052266434063,118.49954725971754,2.202410251696071,1.2998113961097397,9.780863101646908,19.31682189590568,121.49612012139464,-2.50030504108991,1.6992430045983065,15.752554979435907,23.64306474584495,2.0,13.548617753300917,1.2,13.88385343883813,3.0,57.12396821995002
25_100_broad_R2H_10,25_100,broad_R2H,noisy,10,True,882,1109.904355600157,864,300.33586292577235,0.049220115182010374,14.782565766494994,285.55329715927735,1.0899116947940546,119.99972895944663,3.002446015842706,1.5005137597867588,11.775325905914565,14.567435961561923,118.50005922199996,2.2018046710993455,1.2999546201400727,9.827876478904852,19.31710152816257,121.4972631530653,-2.5009155062984907,1.699395779184399,15.782699678936703,23.938703085674234,2.0,18.39081147809942,1.2,10.581267479129192,3.0,50.78969155694205
25_100_broad_R2H_11,25_100,broad_R2H,noisy,11,True,882,1018.7283935313912,864,298.7423882624003,0.0502390228205893,15.008525661392078,283.73386260100824,1.076673656606544,120.00068973683396,2.9993204488143714,1.5000626604995797,11.999632350248355,15.906765768186336,118.50060669662317,2.2000484943485534,1.299474385648616,10.103201789203572,19.849476683084603,121.49617055696123,-2.4986586067253986,1.6996759607226175,16.22722801943254,24.33243353728029,2.0,36.180157586610704,1.2,24.04012329219903,3.0,48.684120027430964
25_100_broad_R2H_12,25_100,broad_R2H,noisy,12,True,882,1168.7153754280857,864,300.8560094204041,0.049571530530381526,14.913892856232316,285.9421165641718,1.0856401901493027,119.99959834315226,3.0025816793174847,1.5008246279859359,11.90587625980118,14.136441138362272,118.50019582193583,2.20137438201023,1.2992907346490126,9.88738701473696,19.377860730835987,121.50287021567021,-2.5047165045848754,1.7007763210095017,15.820998318033874,24.441310467055825,2.0,14.278732516743457,1.2,27.463746626189458,3.0,18.077849246326657
25_100_broad_R2H_13,25_100,broad_R2H,noisy,13,True,882,874.6671364398583,864,299.4273977092929,0.04977300765694013,14.903402158882294,284.52399555041063,1.0830942766216973,120.00024442978048,3.0005470772328375,1.5001514758214771,11.864040745007868,15.402367162937114,118.49994823636824,2.201040931326924,1.2998726234944056,9.962250998700508,19.62137420586617,121.50122032652044,-2.502986814957413,1.7002531368366225,15.935723303578312,24.699243209552122,2.0,29.996540135365237,1.2,14.00993574215131,3.0,28.575003551421922
25_100_broad_R2H_14,25_100,broad_R2H,noisy,14,True,882,880.7750287878406,864,300.0817087813899,0.04945275155743015,14.83986619129518,285.24184259009473,1.08715823012838,119.99984682444826,3.0017876991025005,1.5004240373797009,11.814637191058088,14.818461001479356,118.49988732007776,2.201568074836396,1.2999071521083723,9.876361640671332,19.436374444718403,121.50048554665149,-2.502951322975883,1.699964188552551,15.814950891628849,24.420838842503606,2.0,21.562205005257393,1.2,12.518105502327511,3.0,34.72265078146218
25_100_broad_R2H_15,25_100,broad_R2H,noisy,15,True,882,1113.7942939980303,864,298.52605033202286,0.05018071286215575,14.980250013584694,283.5458003184382,1.0774245329405665,120.00088077615563,2.9990973149578855,1.4999324875025828,11.968612526926538,16.060893504520784,118.5003592112093,2.2002505047393215,1.2995526599637952,10.08806027174025,19.909307558096067,121.49537201149484,-2.49807006520188,1.6995455502674237,16.21899669628141,24.284529601099518,2.0,39.57918635141653,1.2,21.680122836821106,3.0,52.789432962500946
25_100_broad_both_00,25_100,broad_both,noisy,0,True,882,980.4376602322114,864,298.841124118965,0.050105678008733834,14.973637140872924,283.8674869780921,1.078851362598549,120.0007978387439,2.9992987551874415,1.499926836960178,11.925844404612526,15.901129367286632,118.50007710702383,2.200481615885436,1.2997811189522666,10.052324431734139,19.799455029795837,121.50151079615934,-2.5027103688363335,1.7004910092377739,16.071100763582542,24.902791833743397,1.8390178123841476,39.477738709376794,2.0532787469891285,16.43141869870461,1.848338510625374,24.67206975108339
25_100_broad_both_01,25_100,broad_both,noisy,1,True,882,890.6806096285729,864,299.3956215672016,0.04982323641188681,14.916858834026483,284.47876273317513,1.0825417645390933,120.00026067093827,3.000456444625097,1.500145844778249,11.876285681532504,15.414935893391304,118.4998434317413,2.201048163214211,1.2996969621170185,9.966216641894796,19.692795547739358,121.50212682889892,-2.503569245936597,1.7005363676629792,15.940576996152044,24.79243673222805,3.835221283955044,29.403430036965894,0.8462873740395102,18.102083627764795,1.6305361177901565,23.00313983791703
25_100_broad_both_02,25_100,broad_both,noisy,2,True,882,940.7099149512926,864,299.5267085796606,0.049834928350743275,14.926892061201347,284.59981651845925,1.0823816847299363,120.00015402197812,3.0006379224034903,1.5002487678302623,11.890425135394961,15.29716956053439,118.50001085723314,2.200950685480792,1.2994961610061322,9.9665115406895,19.685930078753188,121.50250880214605,-2.5038601970264858,1.700721655389159,15.940988410454361,24.777607951535924,1.7346730350570154,28.108573200360095,0.6124626077832709,22.709530290671317,3.3050987525768543,18.454293151115767
25_100_broad_both_03,25_100,broad_both,noisy,3,True,882,1154.005743867523,864,300.57769378935456,0.04931130588179247,14.821878599690615,285.75581518966396,1.0887009321685392,119.99963513646442,3.0027450317807385,1.5006961509972672,11.832873478263409,14.28650691262113,118.49948439712911,2.202180359748417,1.2996837855664913,9.829346968813404,19.44272432470075,121.4963788821071,-2.5002088841671455,1.6993558950366539,15.830584740201674,23.765807997895593,2.8305651159013028,14.710690359482856,0.7204242122464012,17.53288633933033,3.3285916963575515,54.30735740538176
25_100_broad_both_04,25_100,broad_both,noisy,4,True,882,1149.8096823117548,864,300.73959748701594,0.04975822291140515,14.9642679300452,285.77532955697075,1.083088919210599,119.99964341108429,3.002245621540006,1.5008502503174372,11.962172399928305,14.252993219022086,118.50077591500605,2.20075439249642,1.2992109095363589,9.948402038754526,19.360589553119027,121.50233271418874,-2.5041314811603828,1.700651763502639,15.907088968527418,24.454371841493643,1.2109836958709859,15.218066330301442,0.8611402862435381,30.423737426773336,5.988944146878341,20.18174501312099
25_100_broad_both_05,25_100,broad_both,noisy,5,True,882,1031.6158842745335,864,300.49137651321433,0.04957533236214368,14.896959862600657,285.59441665061365,1.0856748534924887,119.99969265858944,3.0021579803483003,1.500661146995475,11.880686627131448,14.442976658795985,118.49998869448002,2.2014401750377757,1.299357502422424,9.8881338827195,19.47338211363169,121.50280433054645,-2.504572864977194,1.7007154731124383,15.823978420559998,24.535549546072538,3.7885230459940336,16.363321497079536,2.2665451232100065,24.90511411942418,2.47080103071988,19.071229873119517
25_100_broad_both_06,25_100,broad_both,noisy,6,True,882,1375.8947350470362,864,299.6996950505902,0.04912683109917401,14.723296299224302,284.97639875136593,1.0911235689063477,119.99988015551467,3.002057112026542,1.500268770034967,11.727346767862546,14.964161924106218,118.49944583922904,2.202282334088264,1.2996308118344195,9.793019203223295,19.62546820407985,121.49383425309294,-2.4983098531399324,1.698954004636071,15.808060195591711,23.651412764072884,3.56995455476811,21.435901826968053,0.6967182921111676,16.243453431888174,1.8635347988470543,69.60100577826066
25_100_broad_both_07,25_100,broad_both,noisy,7,True,882,895.2418552506763,864,299.4022061409841,0.04976149487130054,14.898701345340648,284.50350479564344,1.0833357799802397,120.00025642908409,3.000523088794341,1.50013226261114,11.855342058556877,15.41529585733181,118.49983752383513,2.2011177564540887,1.2997868823889431,9.952987281458634,19.660634888094147,121.50205226470813,-2.503584375065253,1.7004690999022274,15.916689442260564,24.78298805809584,1.4760873996839512,30.6494342388468,2.1237215274896064,15.256559645623723,3.158969799281719,23.402212054362604
25_100_broad_both_08,25_100,broad_both,noisy,8,True,882,1039.8412705379249,864,298.4770756330209,0.050274269421558125,15.005716916533274,283.4713587164876,1.0764150327549156,120.00114854256536,2.9986519119832615,1.4998406537379785,11.972302478639282,16.17505256882804,118.50025135191929,2.2001630906993594,1.29984763221822,10.112087755295242,19.871628348608866,121.49801354010462,-2.4999131633715304,1.6999028467048871,16.20753728688434,24.628898110351397,2.9198478991001453,43.67881768596865,1.340309818755957,15.767607651464882,1.9611658832244174,40.670669706174664
25_100_broad_both_09,25_100,broad_both,noisy,9,True,882,1306.9219544553303,864,300.8155560857523,0.04908979628425572,14.766974367384682,286.0485817183676,1.0915642435624995,119.99957202188645,3.003259281084625,1.5007178167107378,11.778604685051063,14.083685357195252,118.49954533557562,2.2024279634009365,1.2998081220016704,9.776862793174796,19.32073858751018,121.4959947121982,-2.500225550078092,1.6992194503717222,15.74821712260562,23.63126804081481,2.310879764447119,13.548617753300917,1.065411533384217,13.88385343883813,4.511691356480508,57.12396821995002
25_100_broad_both_10,25_100,broad_both,noisy,10,True,882,1084.253614756319,864,300.2576997426566,0.04926493541725462,14.792176186355407,285.4655235563012,1.0893357962214298,119.99975956272581,3.0023003701549387,1.5004767818052507,11.783848605056981,14.638831390350036,118.50005472164995,2.201741959659519,1.2999538492136713,9.83957053043834,19.34097084616398,121.49733337640522,-2.500899167803921,1.699421824581007,15.79970145001848,23.9728095170351,3.700988297771492,18.39081147809942,1.5124986036328347,10.581267479129192,1.6815743355122739,50.78969155694205
25_100_broad_both_11,25_100,broad_both,noisy,11,True,882,1010.238311144253,864,298.73995610696164,0.050253066511809295,15.012598883978132,283.7273572229835,1.0765020896639255,120.00070222853812,2.9992888882525888,1.5000598893136097,12.00301744995406,15.9129077449126,118.50060415734369,2.2000322291528165,1.2994850899539134,10.106723045012872,19.84985575505588,121.49629338272517,-2.4987341282069706,1.6996966739865793,16.23057943751372,24.34963404613794,2.4079994578758304,36.180157586610704,0.8780702595044605,24.04012329219903,1.61886250813535,48.684120027430964
25_100_broad_both_12,25_100,broad_both,noisy,12,True,882,1165.636508893196,864,300.8317351680328,0.04954931645916177,14.906006846799603,285.92572832123324,1.0859490397493774,119.99960188515584,3.00257916797647,1.5008040979314736,11.896675262930113,14.154806422325382,118.50014070046984,2.201430802691668,1.2992955530824957,9.880630177935974,19.387082233290784,121.50292588850657,-2.5047693666107067,1.7007977402565977,15.811438986110163,24.44680590327571,2.463572001361338,14.278732516743457,0.6118424905080412,27.463746626189458,1.7418527698543063,18.077849246326657
25_100_broad_both_13,25_100,broad_both,noisy,13,True,882,879.2060119792905,864,299.374119142481,0.0498151709974007,14.913372937278902,284.4607462052021,1.0825361809249918,120.00029360929003,3.0004219552286817,1.5001244999961347,11.874377561980591,15.450969083945179,118.49997082909044,2.2009713926338144,1.2998760786691377,9.974353182282242,19.635233376087534,121.50108668035767,-2.502834689517969,1.7002435798544668,15.955747247044718,24.702075018323885,3.8035133080805035,29.996540135365237,1.3629690745385876,14.00993574215131,3.863173916273266,28.575003551421922
25_100_broad_both_14,25_100,broad_both,noisy,14,True,882,881.0824917816051,864,300.0989280921168,0.04944740858184755,14.839114312345387,285.25981377977143,1.0872254204330067,119.99983732501316,3.001818130016223,1.500436871618762,11.81443632246469,14.801220089171139,118.49986987978929,2.2015905808284524,1.2999018239559006,9.874408328639525,19.43614196873065,121.50044493188203,-2.5029316117440876,1.699954776021579,15.813376189797854,24.41089415040611,1.4703492822586228,21.562205005257393,1.4321684478833832,12.518105502327511,3.4961340157321836,34.72265078146218
25_100_broad_both_15,25_100,broad_both,noisy,15,True,882,1108.942876466679,864,298.5374774995656,0.050173616744118445,14.978704979819089,283.5587725197465,1.0775191901053724,120.00086725981997,2.999122470526867,1.4999373330287078,11.966787452124645,16.051916241093494,118.50034243412159,2.2002710607297904,1.2995584874073673,10.08579805039624,19.90700688693052,121.49540142733207,-2.4981015844359917,1.6995458524088756,16.215382810555983,24.284207482134292,1.5979693902046062,39.57918635141653,0.9006606523787575,21.680122836821106,2.811489638593411,52.789432962500946
25_100_near_both_00,25_100,near_both,noisy,0,True,882,840.3384665446991,864,299.69432780836803,0.0498657303978925,14.944476552269698,284.74985125609834,1.0816426337541312,120.00000685644598,3.0009625145197796,1.5004303960044347,11.934975908420808,15.114891195510932,118.49998863917256,2.201023786401167,1.2995807617365605,9.982543814570894,19.652317628236904,121.49848629372698,-2.500966711539538,1.6998394482812047,16.021841700625767,24.32024964789397,1.6392295853093886,24.063575876490674,1.2590216478131258,21.117359148607445,2.504697308692729,41.3084002326717
25_100_near_both_01,25_100,near_both,noisy,1,True,882,830.4473095242618,864,299.3638334806535,0.05000955740002221,14.971052813941434,284.3927806667121,1.079989940640471,120.00026033253859,3.0002628294674283,1.5002413409393236,11.9424335825127,15.435815371384765,118.50010501487608,2.200684454767477,1.2995910008871288,10.020035952066461,19.71647091431597,121.50083668538664,-2.502449738395906,1.7002987278941997,16.03899924643358,24.690884141642535,1.8047324848622714,29.563810584632925,1.4295896799730907,21.059276175793542,2.409694626102464,29.226676010466214
25_100_near_both_02,25_100,near_both,noisy,2,True,882,816.5637503871291,864,299.92779034182735,0.049741006449177186,14.918710153680298,285.00908018814704,1.0834694417702153,119.99990826006037,3.0013131668524564,1.5004672337938303,11.897748041039257,14.931434057137894,118.49981881280246,2.201279097433838,1.299601716050715,9.939777488556407,19.59661635455327,121.50108384185096,-2.5030381049734713,1.700234078295603,15.920294773188624,24.5473391987092,1.9617029120430256,22.326722651827467,0.9825490812982481,20.43513691220242,3.4651743686297545,29.48180595961336
25_100_near_both_03,25_100,near_both,noisy,3,True,882,815.1794281838291,864,299.38857233794727,0.0499797383653895,14.963362515038092,284.42520982290915,1.08030600530055,120.00022824026472,3.0003595609447467,1.5002602714592623,11.939143280873985,15.406421048839,118.50002544807948,2.2007892288742363,1.2996460090642334,10.013695409070433,19.70946878168065,121.4998811002169,-2.501793253440644,1.7000971580010626,16.043919493238363,24.57608738496965,1.6700241336497204,28.92113783884756,1.3079916731886125,19.845206090048904,3.084384684290662,33.88319482230621
25_100_near_both_04,25_100,near_both,noisy,4,True,882,832.4099279142295,864,299.50971670893307,0.049914148507462196,14.949772479237616,284.5599442296955,1.081043438586311,120.00011943339304,3.000655445989939,1.5003364077745522,11.935282003396074,15.280975961921065,118.49998927979128,2.200931176790405,1.2996246937471083,9.997369576904205,19.68852029309308,121.49857096417529,-2.500933983037458,1.699863891724942,16.04114945690309,24.383900743730344,1.7203973843904203,26.515749394058613,1.3279356050361046,20.13254436199611,3.288516507500985,40.200593004572454
25_100_near_both_05,25_100,near_both,noisy,5,True,882,861.2943565816591,864,299.4378224503701,0.049784033621801345,14.907222620508207,284.5305998298619,1.0829500171804567,120.00022906933528,3.0005611618662202,1.5001697412406247,11.86928613538832,15.38811787724143,118.49991547676319,2.2010560382713984,1.2998481537601392,9.963607875643838,19.63260627935016,121.50114443264344,-2.5029219334385666,1.7002425899065237,15.94114619265707,24.688907571051658,1.7211713393928965,29.7603224326305,1.0535735581986956,14.682743665950918,2.495554672001598,29.16228201459751
25_100_near_both_06,25_100,near_both,noisy,6,True,882,833.9246496063597,864,299.3613095459223,0.049990378261126914,14.96518510094696,284.3961244449754,1.0802575758928123,120.00026608246266,3.0002725199800504,1.500225678941032,11.93492902632743,15.438915994986749,118.50005959425248,2.200732472110733,1.299610258986961,10.014208556981846,19.71623709354311,121.50099786602681,-2.5025843817577234,1.7003232547994331,16.0281697404217,24.706837970555483,2.2545622824499505,29.558395286381824,1.0718919305190324,20.71184848605394,2.6223447828803277,28.394781599479813
25_100_near_both_07,25_100,near_both,noisy,7,True,882,848.1971840820233,864,299.8911449879259,0.049683828912282325,14.899740339888563,284.9914046480373,1.0840384919225274,119.99991061189648,3.001389708425554,1.500454800005841,11.887393669945837,14.94707548807381,118.49975118354294,2.2014127493063786,1.299718857470607,9.931847925398197,19.586710430054424,121.49875672901119,-2.5013990327765283,1.6997956457044276,15.94098498407938,24.282784957956355,2.148840613353226,22.110401651492744,0.9995061261278013,17.635105671167896,3.4954840141945307,40.86867011118678
25_100_near_both_08,25_100,near_both,noisy,8,True,882,816.7686936181603,864,299.6119339330918,0.04992924083841856,14.95939640740969,284.6525375256821,1.0808809014995695,120.00006883828621,3.0007512738180226,1.500386378406333,11.94483506650272,15.200812063128414,118.50005750870241,2.200878461330292,1.2995760898263877,9.999241470226188,19.667372467164476,121.49926497952468,-2.5014512105886766,1.6999829492879936,16.033581287394377,24.44099661489884,2.3022269919420286,25.13804038642742,1.391540185849118,21.365750750057057,2.836184447235425,37.22807341935322
25_100_near_both_09,25_100,near_both,noisy,9,True,882,830.7854264859034,864,299.5069022271423,0.04979832925634268,14.914943331654467,284.59195889548783,1.082748618696995,120.00016525713765,3.0006672647095414,1.5002311983713106,11.881767773577836,15.316762134071443,118.49985631913673,2.201101864489399,1.299786045663032,9.963973427205772,19.645856737491112,121.50090117686314,-2.5027464130713035,1.7002010844301516,15.950247314909172,24.644638550798124,1.7345848039122391,28.297418278956986,0.9729977482071124,16.229429243838517,2.6358936758346565,30.32371875826697
25_100_near_both_10,25_100,near_both,noisy,10,True,882,813.9705809968593,864,299.8648315707031,0.04973998691913792,14.915272799836266,284.9495587708668,1.0833877924401476,119.99993417234755,3.001261693848381,1.5004433025501867,11.898275268704857,14.981853009081536,118.49978672166635,2.201306664217374,1.299685605249282,9.944098808593894,19.599690900608948,121.499793704357,-2.5020899556389025,1.6999839148953226,15.944132122811647,24.418553633367075,2.387789374053649,22.591452467179213,1.150059228584555,18.512381800861085,3.0975056539181045,36.002927883089335
25_100_near_both_11,25_100,near_both,noisy,11,True,882,835.3890926660288,864,299.9292218688125,0.04957360350246224,14.868572323726536,285.06064954508594,1.0856303680378332,119.99991109632796,3.0014782068237906,1.5003961566539317,11.842337620918975,14.940906434323784,118.49975996950867,2.2014961974031553,1.299823349992655,9.90241402216875,19.528099571879462,121.50070279161498,-2.5029396174941123,1.7000612829870438,15.859671576769198,24.493964562119743,1.622052287942691,23.062490985957275,1.2592519484974012,14.720924272176552,2.6165853410130464,33.010637035154915
25_100_near_both_12,25_100,near_both,noisy,12,True,882,824.4910094657923,864,299.3787006611134,0.049932748172082556,14.948801268196659,284.42989939291675,1.0809905946686165,120.0002503906208,3.00036186429524,1.500216498781715,11.917906855068068,15.423077667835283,118.4999444464777,2.200878848386979,1.2996956779046014,9.999470488006818,19.702524296140254,121.50068523038611,-2.502420898577633,1.7002233608166049,16.009786484670954,24.664730569659778,1.8127658642284228,29.604605189371792,1.2997943232424392,18.51379203794553,2.8772625597919883,30.355721415365256
25_100_near_both_13,25_100,near_both,noisy,13,True,882,824.9134118429795,864,299.95475010785935,0.04959124143739811,14.87512843289327,285.07962167496606,1.0854754723420912,119.99989502739615,3.0014918584794072,1.500413229849711,11.847846022881965,14.91018371586089,118.49967285018,2.2015356706402276,1.2997282989215635,9.900499061314646,19.559701577037224,121.50145172503811,-2.5034637676832925,1.7002318617316505,15.852362310888026,24.568835406591962,2.1519214219768985,22.464226849581156,1.3992934428175847,16.7769627499877,3.2190479373533556,28.68543803808041
25_100_near_both_14,25_100,near_both,noisy,14,True,882,822.5727077404778,864,299.4762157624544,0.04985349859116356,14.929937100600513,284.5462786618539,1.081945355501324,120.00017273221482,3.0006024929431914,1.500253479056514,11.90327894197107,15.334662650779514,118.4998868504135,2.201033394647386,1.299766154730703,9.980701455567562,19.66441717936118,121.49984937798456,-2.5019206189021705,1.7000292212785182,15.992355640086481,24.538685860927718,1.8945815031501767,28.045949979146094,1.3871273344630555,16.720913984201747,3.202045787796834,34.840818372219104
25_100_near_both_15,25_100,near_both,noisy,15,True,882,811.1221259146337,864,299.4829401532611,0.0499250120909018,14.95168940817038,284.53125074509074,1.0810606517766093,120.000169552573,3.0005301261972703,1.5002821353647624,11.925530066599716,15.327567545805792,118.49996596685456,2.2008980449723925,1.2996472534369363,9.99626911388075,19.687987457175808,121.50047805200886,-2.5023044425551615,1.7001840589137907,16.00968501687782,24.613619140093125,2.2330915631835953,27.658363954144427,1.0690988028893242,19.770872145046294,2.9654549004430204,31.442890567617233
25_50_baseline_exact,25_50,baseline,exact,-1,True,882,1.259818049825367e-16,864,299.99999999957936,0.05000000000038157,15.00000000009344,284.9999999994859,1.0799999999954817,120.00000000000043,2.999999999999853,1.4999999999996803,12.000000000079782,15.0000000008896,118.49999999999986,2.1999999999978694,1.3000000000001313,10.000000000098774,20.00000000070159,121.4999999999995,-2.4999999999978924,1.699999999999905,16.000000000181572,25.000000000515044,2.0,25.0,1.2,18.0,3.0,35.0
25_50_baseline_noisy,25_50,baseline,noisy,-1,True,882,825.0138621362095,864,299.2838166303004,0.05022314067506455,15.0309732243938,284.2528434059066,1.077314555678807,119.99988077407035,3.0012187886445783,1.5001513592781377,12.093308660220066,15.237742355689686,118.49989196139242,2.200302248068074,1.3001185199803178,10.056748336293813,19.468960167392513,121.50065068298866,-2.5026515496618087,1.7002808809851053,16.12991563618388,25.40081525172743,2.0,25.0,1.2,18.0,3.0,35.0
25_50_broad_R1H_00,25_50,broad_R1H,noisy,0,True,882,824.6539328327557,864,299.2760626648202,0.05021117781786496,15.027003599093783,284.2490590657264,1.0774611967490764,119.99987672797727,3.001236147613434,1.500148406899663,12.090819135087148,15.2322463616332,118.50000028712702,2.200228202281418,1.3001132482734195,10.05663046662305,19.45184285559292,121.50068454937058,-2.5026909013431413,1.7002792780705671,16.12499626534468,25.400279981213107,1.8390178123841476,25.0,2.0532787469891285,18.0,1.848338510625374,35.0
25_50_broad_R1H_01,25_50,broad_R1H,noisy,1,True,882,825.1686794536399,864,299.23140174272436,0.05023750644509893,15.032639473626102,284.19876226909827,1.0771466821444307,119.99995298499142,3.0010778956943263,1.5001612473616508,12.089869291271762,15.302739240148107,118.49986542453146,2.200291511775725,1.3001161807387192,10.060664385915608,19.500421214451023,121.50066944348497,-2.502634530304404,1.7002775680997606,16.13632013233382,25.433500880433655,3.835221283955044,25.0,0.8462873740395102,18.0,1.6305361177901565,35.0
25_50_broad_R1H_02,25_50,broad_R1H,noisy,2,True,882,825.2615314454811,864,299.30727829473847,0.05024057740405974,15.037370482765258,284.2699078119732,1.0770884047910878,119.99987042776162,3.001225149944731,1.500152929636939,12.099663443723633,15.232751504927121,118.4998211767561,2.2003464071521823,1.3001243849325288,10.059214537462637,19.47931077641913,121.50064155383598,-2.5026333098626665,1.700284604369459,16.136679519107112,25.401173373289968,1.7346730350570154,25.0,0.6124626077832709,18.0,3.3050987525768543,35.0
25_50_broad_R1H_03,25_50,broad_R1H,noisy,3,True,882,825.3883931232009,864,299.26208886492253,0.050227998717661475,15.031335815752023,284.2307530491705,1.0772643741719452,119.9999113613619,3.001158642417792,1.5001559906537691,12.090881892989398,15.264412250003552,118.49983191084628,2.2003369008361755,1.3001191670453147,10.05666370095709,19.487025451795727,121.50063535076468,-2.5026254901859097,1.7002792798083837,16.132223094144635,25.410967070510896,2.8305651159013028,25.0,0.7204242122464012,18.0,3.3285916963575515,35.0
25_50_broad_R1H_04,25_50,broad_R1H,noisy,4,True,882,826.4245722696666,864,299.30521123393504,0.05020368451668574,15.02622439898846,284.2789868349466,1.077569079370759,119.99984412604364,3.0012969913096628,1.5001461901684585,12.08994350473879,15.199475107799275,118.499819240152,2.2003852330621125,1.300121271014593,10.048988947297815,19.45737289711852,121.5005911519421,-2.5026269318644876,1.7002807987848663,16.121881547980273,25.373044026287246,1.2109836958709859,25.0,0.8611402862435381,18.0,5.988944146878341,35.0
25_50_broad_R1H_05,25_50,broad_R1H,noisy,5,True,882,825.1886998323674,864,299.19184155866014,0.0501807830994895,15.013680906391953,284.1781606522682,1.0778808226871601,119.99994800235103,3.0011262755925037,1.5001528753650204,12.07261271099304,15.284536432873784,118.50001405099603,2.200222555162873,1.3001031926342246,10.049767013239785,19.462568508830007,121.50066030272171,-2.5026724495745594,1.7002685925293803,16.113927767090235,25.412775952125145,3.7885230459940336,25.0,2.2665451232100065,18.0,2.47080103071988,35.0
25_50_broad_R1H_06,25_50,broad_R1H,noisy,6,True,882,825.1773427711175,864,299.243745045982,0.05024149627869934,15.034453503151758,284.2092915428302,1.0770931767442795,119.99994260635448,3.001093625501127,1.5001607371153565,12.09217227893254,15.294910643349949,118.49984571152865,2.2003065263822523,1.3001182353961755,10.061033843039379,19.50061573262372,121.50066434054409,-2.5026301774787663,1.7002790311661644,16.137795911424963,25.430378675704624,3.56995455476811,25.0,0.6967182921111676,18.0,1.8635347988470543,35.0
25_50_broad_R1H_07,25_50,broad_R1H,noisy,7,True,882,824.9839513736179,864,299.2799575230603,0.0501950685039613,15.02237796973264,284.2575795533277,1.0776702645691854,119.99985985608778,3.001277244421231,1.5001449145988182,12.087131270841025,15.213082044121236,118.49999303722238,2.200251711685558,1.3001125121571309,10.05192255155348,19.44119455297513,121.50065691016151,-2.5026850806425323,1.7002779426718655,16.1185592048862,25.385348182132713,1.4760873996839512,25.0,2.1237215274896064,18.0,3.158969799281719,35.0
25_50_broad_R1H_08,25_50,broad_R1H,noisy,8,True,882,824.8604907418986,864,299.2515283512577,0.05022438215226826,15.029723119563908,284.2218052316938,1.0773054840172,119.99991768366579,3.0011513213395213,1.5001552619069258,12.089890665502905,15.269864728429766,118.4999187802175,2.200270042958542,1.300114987523004,10.058287813621606,19.478626305905777,121.50067044320906,-2.5026562447991005,1.700278182219219,16.130743554611936,25.417093506382322,2.9198478991001453,25.0,1.340309818755957,18.0,1.9611658832244174,35.0
25_50_broad_R1H_09,25_50,broad_R1H,noisy,9,True,882,825.6634994970611,864,299.2659398297391,0.050206225076827836,15.025013132920298,284.2409266968188,1.0775435199915393,119.99988885245617,3.0012141123160214,1.5001508616285228,12.08623461767277,15.239409081532129,118.49985846275872,2.2003400182137485,1.3001167904253792,10.051357882541197,19.46897058135235,121.50061531526707,-2.5026320954916663,1.7002774969716332,16.123427532324914,25.393436617370178,2.310879764447119,25.0,1.065411533384217,18.0,4.511691356480508,35.0
25_50_broad_R1H_10,25_50,broad_R1H,noisy,10,True,882,824.9946849735782,864,299.219228174147,0.05021619569922761,15.025651318964806,284.1935768551822,1.0774194196248517,119.99994737091932,3.001103213637961,1.50015745556353,12.084013950923381,15.29301162408282,118.49994058382113,2.200251504667215,1.300110839005127,10.057092454117885,19.482951136269044,121.50067379469496,-2.5026565406337378,1.700274499101118,16.127842309865027,25.42550989253106,3.700988297771492,25.0,1.5124986036328347,18.0,1.6815743355122739,35.0
25_50_broad_R1H_11,25_50,broad_R1H,noisy,11,True,882,824.7882817081781,864,299.28521992992125,0.05024802902674526,15.038492418314522,284.2467275116067,1.0769930172349063,119.99989964451854,3.0011680199592203,1.5001563634234725,12.099475607536219,15.260586365466187,118.49987125060979,2.200293026989007,1.3001213771883116,10.063008459199667,19.48632383768662,121.50067799241847,-2.5026497038636797,1.700283511606128,16.139832393330916,25.419066573740245,2.4079994578758304,25.0,0.8780702595044605,18.0,1.61886250813535,35.0
25_50_broad_R1H_12,25_50,broad_R1H,noisy,12,True,882,824.9074012640001,864,299.2891052211992,0.05025472555799311,15.040691845388688,284.2484133758105,1.0769083083120983,119.99990159200735,3.0011594771891024,1.500157668455986,12.101197057987038,15.263740985791271,118.49983898822222,2.2003123211608817,1.3001233753749795,10.063879484025945,19.492787285637473,121.50067285990497,-2.5026395134489086,1.7002844542923452,16.1425113063736,25.421117651588286,2.463572001361338,25.0,0.6118424905080412,18.0,1.7418527698543063,35.0
25_50_broad_R1H_13,25_50,broad_R1H,noisy,13,True,882,825.6674214663688,864,299.2051297191817,0.050192606643682094,15.017885381766762,284.18724433741494,1.0777350094024383,119.99994598831513,3.0011199078851294,1.500155264323139,12.075638995451369,15.284678836967396,118.4998978106485,2.200304551935441,1.3001091829499145,10.049546819245982,19.478497779366183,121.50062240219322,-2.502631598446605,1.700270692759622,16.118716584596122,25.410476910770214,3.8035133080805035,25.0,1.3629690745385876,18.0,3.863173916273266,35.0
25_50_broad_R1H_14,25_50,broad_R1H,noisy,14,True,882,825.1118203531786,864,299.2954708241189,0.05021350867567609,15.028675720817455,284.2667951033015,1.0774340472307558,119.99985948528334,3.001264552750729,1.5001477765739972,12.092631682600237,15.216823212331674,118.49991286971971,2.2002996674992845,1.300118010090372,10.054526545764197,19.456198770957982,121.50064448968293,-2.5026602790713444,1.700281011949803,16.125882194238116,25.38924621904788,1.4703492822586228,25.0,1.4321684478833832,18.0,3.4961340157321836,35.0
25_50_broad_R1H_15,25_50,broad_R1H,noisy,15,True,882,824.9945605003086,864,299.3082420500789,0.0502384717834387,15.03678867278353,284.27145337729536,1.07711127803662,119.99986632972059,3.0012348759302903,1.500151783056448,12.09983995575951,15.229149380896683,118.49986058367695,2.200318363649279,1.3001229109004806,10.05975172027548,19.473075072196337,121.50065526025222,-2.5026478776144745,1.7002845694053859,16.135767503577238,25.40101744100338,1.5979693902046062,25.0,0.9006606523787575,18.0,2.811489638593411,35.0
25_50_broad_R2H_00,25_50,broad_R2H,noisy,0,True,882,902.9522875563847,864,298.4459784108789,0.05041691112777062,15.046724369981833,283.39925404089706,1.07512874698248,120.00106861258826,2.999052730437008,1.5003563999503748,12.013012026449873,16.230077472481554,118.49972069063804,2.1999582634359305,1.3000704215060634,10.114910779482278,19.91888084244317,121.50139699556489,-2.5027650287466927,1.7002429838289748,16.20452029307147,25.957778408974292,2.0,39.477738709376794,1.2,16.43141869870461,3.0,24.67206975108339
25_50_broad_R2H_01,25_50,broad_R2H,noisy,1,True,882,855.1901706843654,864,299.151440757418,0.05050969603141652,15.11004834001749,284.0413924174005,1.0736660542741645,120.00028783971135,3.0002953170554116,1.50024620109598,12.138177761900096,15.658709220137514,118.5002097909286,2.1997071804347543,1.3001205891294385,10.14498057714548,19.656672914505176,121.50176830756176,-2.5032278442681295,1.7003242803865521,16.227671146058086,25.772684399324074,2.0,29.403430036965894,1.2,18.102083627764795,3.0,23.00313983791703
25_50_broad_R2H_02,25_50,broad_R2H,noisy,2,True,882,900.1008929552227,864,299.2298384687077,0.05037694491132511,15.074285088362801,284.15555338034494,1.075350619731532,120.00014391696273,3.000645646783973,1.500219580921809,12.106900977523086,15.485401307446969,118.5010861233549,2.199161702401564,1.300097468797444,10.12742249171582,19.443386385242288,121.50292740119768,-2.5043120128232186,1.7003629398301698,16.141455955892962,25.799598387346563,2.0,28.108573200360095,1.2,22.709530290671317,3.0,18.454293151115767
25_50_broad_R2H_03,25_50,broad_R2H,noisy,3,True,882,952.478887217267,864,300.29738600995887,0.0500890545165783,15.041612139038788,285.2557738709201,1.0788570040151488,119.99890077360536,3.003457783964615,1.4999906447222215,12.182789717116743,14.087655585275897,118.49940835304905,2.2011183301977484,1.3002106372405677,9.990324582885139,19.06458736003661,121.50051948985548,-2.502983408126549,1.7003663747729096,16.04753281774378,24.887537572564973,2.0,14.710690359482856,1.2,17.53288633933033,3.0,54.30735740538176
25_50_broad_R2H_04,25_50,broad_R2H,noisy,4,True,882,1016.9715986285863,864,300.28748836883085,0.050083845859961916,15.039552281139631,285.24793608769124,1.0788430142817653,119.99895334897938,3.003360838634832,1.5000038522390158,12.17513057240507,14.136615740444187,118.50155145951798,2.199406425872167,1.300172691024583,10.038623892964477,18.824712155088534,121.50305795122345,-2.5050686734416603,1.7004298427483981,16.001606767246102,25.176412738183867,2.0,15.218066330301442,1.2,30.423737426773336,3.0,20.18174501312099
25_50_broad_R2H_05,25_50,broad_R2H,noisy,5,True,882,942.621280438762,864,300.31662717090427,0.05039880043357717,15.135597759671404,285.1810294112329,1.0747531747546248,119.99910157597076,3.0028004420165875,1.5000602020824543,12.259129270110682,14.415551260125257,118.50120963469611,2.19937373895838,1.300195018407904,10.119879999822102,19.04204468067895,121.50302645161896,-2.504744051451321,1.7004612418568403,16.133247694009203,25.368026547150425,2.0,16.363321497079536,1.2,24.90511411942418,3.0,19.071229873119517
25_50_broad_R2H_06,25_50,broad_R2H,noisy,6,True,882,995.410329680888,864,299.56503960960686,0.049945359324630914,14.961883544399107,284.60315606520777,1.081022959843968,119.99946381678215,3.002192128704618,1.5000850118984068,12.034127992716355,14.726933013597604,118.49892331664208,2.2014098528573216,1.3001576508862212,9.946111257598945,19.303933237809176,121.50043451793911,-2.50278184832257,1.7002940200516747,15.987737606622092,25.094300118916493,2.0,21.435901826968053,1.2,16.243453431888174,3.0,69.60100577826066
25_50_broad_R2H_07,25_50,broad_R2H,noisy,7,True,882,861.7612222726536,864,299.19473663600553,0.050666001906541525,15.159001096827046,284.03573553917846,1.071724678635645,120.00038738965586,3.0000079841296126,1.500286134363506,12.17179275981019,15.773960319119169,118.49944788315764,2.200151817455439,1.3001642018025763,10.165737464868643,19.826757465784613,121.501612754279,-2.5029500181925495,1.700337925667082,16.292638254647237,25.832202826360152,2.0,30.6494342388468,1.2,15.256559645623723,3.0,23.402212054362604
25_50_broad_R2H_08,25_50,broad_R2H,noisy,8,True,882,930.9221295408893,864,297.93923416726506,0.04995660494743128,14.884032619634281,283.05520154763076,1.0813390141309707,120.00129398555751,2.998999345412917,1.5003480954803572,11.826000609593878,16.260533689592847,118.49903670223182,2.2008078906113755,1.300018422493615,9.974998354746628,19.90160555751376,121.50019632080848,-2.502056688881782,1.7001305444466057,16.037751085650495,25.724918371232423,2.0,43.67881768596865,1.2,15.767607651464882,3.0,40.670669706174664
25_50_broad_R2H_09,25_50,broad_R2H,noisy,9,True,882,999.8422704451825,864,300.67594608212147,0.050316444728373676,15.128944622192527,285.54700145992894,1.075942175218141,119.99876545114438,3.0036282821643847,1.5000063585204506,12.267867072120213,13.95110580433669,118.49826102747302,2.2018799226614645,1.300311244615446,10.012777900406329,19.200474147791063,121.50058584389902,-2.502907141592696,1.7004265363606144,16.126433110881926,24.88021862508571,2.0,13.548617753300917,1.2,13.88385343883813,3.0,57.12396821995002
25_50_broad_R2H_10,25_50,broad_R2H,noisy,10,True,882,934.6996804380901,864,300.2975819173986,0.050468718283977435,15.155634063148826,285.14194785424974,1.0742185034967338,119.99918875515353,3.0024193535416375,1.5001212709740706,12.230632388473753,14.540471634220243,118.49704640036929,2.2025382323369187,1.300358525935386,10.022399260268523,19.58318644046132,121.50049319010863,-2.5025320800357753,1.7004038062167866,16.194560706516686,25.11187147798395,2.0,18.39081147809942,1.2,10.581267479129192,3.0,50.78969155694205
25_50_broad_R2H_11,25_50,broad_R2H,noisy,11,True,882,912.3774879845723,864,297.97676974628496,0.04942480868155862,14.72744483625898,283.24932491002596,1.0881735481593982,120.00071200759348,3.0003111458938476,1.5001769408660692,11.730030487414655,15.70465314908701,118.50084699300471,2.1999878980019556,1.2999141831930332,9.878580310092993,19.336905501955684,121.50016037067043,-2.5026155279718454,1.7000819304320203,15.82141070448173,25.366389030236306,2.0,36.180157586610704,1.2,24.04012329219903,3.0,48.684120027430964
25_50_broad_R2H_12,25_50,broad_R2H,noisy,12,True,882,1006.4589687197636,864,300.56640633557134,0.0503199084978917,15.124474064346085,285.44193227122526,1.075729811548162,119.9988785179632,3.0034065468062465,1.500017591530616,12.265557177905313,14.091827052676184,118.50138107661225,2.1993820682454053,1.3002131591969774,10.096148917176416,18.882997687946183,121.50344802375626,-2.5052367980763592,1.7004932137671516,16.084270997054215,25.262834466452908,2.0,14.278732516743457,1.2,27.463746626189458,3.0,18.077849246326657
25_50_broad_R2H_13,25_50,broad_R2H,noisy,13,True,882,848.7689135398427,864,299.1987292622131,0.050583429298512006,15.13449776783979,284.0642314943733,1.0728164633251276,120.0003101486027,3.0001840722514386,1.5002687432456117,12.149601843430345,15.68977007056387,118.49888697025435,2.200675777487481,1.3001817131359767,10.127099090667333,19.842652346811313,121.50098945383299,-2.5025203434149774,1.70031389816617,16.270185708746897,25.700167904549474,2.0,29.996540135365237,1.2,14.00993574215131,3.0,28.575003551421922
25_50_broad_R2H_14,25_50,broad_R2H,noisy,14,True,882,848.4616806125872,864,299.9497245341607,0.0506309579136531,15.18674187910093,284.7629826550598,1.0720611986467905,119.99956186626879,3.0015562855370224,1.500172259102022,12.25280822055411,15.01115442523974,118.49819954423499,2.201392489552246,1.3002805542505074,10.10903010254264,19.674477787327955,121.50070053288066,-2.5024779857022605,1.700381060061362,16.280154522098936,25.38243285498426,2.0,21.562205005257393,1.2,12.518105502327511,3.0,34.72265078146218
25_50_broad_R2H_15,25_50,broad_R2H,noisy,15,True,882,940.9422210215062,864,297.81536535933293,0.04947139017397237,14.733340139495693,283.08202521983725,1.0876559970070245,120.00096723954954,2.999863759208209,1.5002258604765548,11.712553733198584,15.901215412317868,118.50040661260014,2.2002284347800662,1.299915214621761,9.881770583888073,19.47596263967162,121.50006020358786,-2.5024166713517353,1.7000732298868835,15.840317658345178,25.453865683652666,2.0,39.57918635141653,1.2,21.680122836821106,3.0,52.789432962500946
25_50_broad_both_00,25_50,broad_both,noisy,0,True,882,904.1425240731346,864,298.4427112478961,0.05041070047751893,15.044706126416362,283.39800512147974,1.0751999644175416,120.00106578640548,2.999062979152936,1.5003543684562444,12.012119567981046,16.22715244091246,118.49984861384006,2.1998639122092007,1.3000648931273704,10.116839330893809,19.901004906943896,121.50148292584818,-2.5028411872557426,1.7002445507059663,16.20040168514407,25.966102683086834,1.8390178123841476,39.477738709376794,2.0532787469891285,16.43141869870461,1.848338510625374,24.67206975108339
25_50_broad_both_01,25_50,broad_both,noisy,1,True,882,861.5612732903851,864,299.11690366236076,0.0505304002299793,15.11449685761125,284.0024068047495,1.0734192756668517,120.0003555850685,3.0001676360507705,1.5002578228445256,12.137108165110686,15.713611922314358,118.5001858611989,2.199692039480168,1.3001201301709415,10.150267077573,19.68476308214861,121.50186145801607,-2.503268577150351,1.700326227260702,16.234067623891722,25.811548635220984,3.835221283955044,29.403430036965894,0.8462873740395102,18.102083627764795,1.6305361177901565,23.00313983791703
25_50_broad_both_02,25_50,broad_both,noisy,2,True,882,896.6678234034316,864,299.243133983688,0.05039222227628516,15.079526522358186,284.1636074613298,1.075148240130555,120.00013739252975,3.000646697707471,1.5002199650643713,12.113066562941349,15.485599600289353,118.50104796347141,2.1991814122361637,1.3001002693007755,10.130669599070984,19.452175387310326,121.50287658883586,-2.5042614206967238,1.7003633826220679,16.149076470393695,25.797599159749655,1.7346730350570154,28.108573200360095,0.6124626077832709,22.709530290671317,3.3050987525768543,18.454293151115767
25_50_broad_both_03,25_50,broad_both,noisy,3,True,882,948.66182859824,864,300.26269189623133,0.05009675254580963,15.04218577466418,285.22050612156715,1.0787723775602922,119.99893402010167,3.0033668183699467,1.499996926370835,12.179323720343815,14.133484125142825,118.49935000932642,2.2011448399634146,1.3002105956382572,9.991251208342636,19.089120322828318,121.50050858748858,-2.5029538415982207,1.700364060513067,16.05112476276826,24.905632405663177,2.8305651159013028,14.710690359482856,0.7204242122464012,17.53288633933033,3.3285916963575515,54.30735740538176
25_50_broad_both_04,25_50,broad_both,noisy,4,True,882,1008.6970296224698,864,300.28160747116937,0.050045979531266736,15.027887181118015,285.2537202900514,1.0793209996663342,119.99892505114373,3.0034608058934245,1.4999921247903503,12.169549646302762,14.092967157502688,118.50152810934497,2.1994678573115864,1.3001683976102596,10.028500442328646,18.80633511689455,121.5027638772496,-2.5048729607835796,1.7004138690430883,15.994423380779443,25.117873390985732,1.2109836958709859,15.218066330301442,0.8611402862435381,30.423737426773336,5.988944146878341,20.18174501312099
25_50_broad_both_05,25_50,broad_both,noisy,5,True,882,942.7875047117235,864,300.21967027875155,0.050364596678552,15.120442608557186,285.09922767019435,1.0752231469577735,119.99916922323904,3.0026631160271697,1.5000664328064943,12.236941936302026,14.485560551800997,118.50126927408702,2.1993300145147088,1.3001837201643456,10.113024102406717,19.050440412507353,121.50309929109032,-2.504802053511049,1.7004528341822682,16.11832729609844,25.395682378504763,3.7885230459940336,16.363321497079536,2.2665451232100065,24.90511411942418,2.47080103071988,19.071229873119517
25_50_broad_both_06,25_50,broad_both,noisy,6,True,882,991.1372713850702,864,299.5132882895543,0.04995172150867188,14.96120436478637,284.5520839247679,1.0809623337268146,119.99952290617695,3.0020673902989055,1.5000932170581267,12.02810891315616,14.786302223278991,118.4988515083737,2.2014426020964133,1.3001570706498196,9.946449142720594,19.335608509531287,121.50041723453835,-2.5027426999381728,1.7002894798373136,15.991381763498493,25.117184491918778,3.56995455476811,21.435901826968053,0.6967182921111676,16.243453431888174,1.8635347988470543,69.60100577826066
25_50_broad_both_07,25_50,broad_both,noisy,7,True,882,859.1308713546158,864,299.1846884620192,0.05063849338424808,15.150261867352281,284.0344265946669,1.0720649942051763,120.00036965096517,3.0000573562995294,1.500279248520163,12.165843618785525,15.755314012273828,118.49957466535585,2.200079069788098,1.300156122474039,10.162076487215655,19.798685478966124,121.50161426361801,-2.5029775172012307,1.7003345068224824,16.281927550800084,25.819721801128818,1.4760873996839512,30.6494342388468,2.1237215274896064,15.256559645623723,3.158969799281719,23.402212054362604
25_50_broad_both_08,25_50,broad_both,noisy,8,True,882,932.968270016042,864,297.9143154407875,0.049956461640266334,14.882745071403905,283.0315703693836,1.0813457793937435,120.0013253772149,2.9989531126424023,1.5003520475989591,11.823212792811328,16.281973224467837,118.49906634772749,2.200777319353652,1.300015011811781,9.97615572356991,19.907197247733674,121.5002066816179,-2.5020577583572736,1.700128063860167,16.038152625423884,25.736009656360277,2.9198478991001453,43.67881768596865,1.340309818755957,15.767607651464882,1.9611658832244174,40.670669706174664
25_50_broad_both_09,25_50,broad_both,noisy,9,True,882,1002.0027720050583,864,300.65963168229104,0.05030981585218336,15.126130704121335,285.5335009781697,1.0760376785122212,119.9987758612306,3.003602298991461,1.5000081576402415,12.263080727925736,13.963713877553184,118.49822901617263,2.201905857073128,1.3003109286369294,10.01016045016219,19.206241745491234,121.5005859543351,-2.502906471452434,1.7004250372570593,16.123304075012477,24.88303538281688,2.310879764447119,13.548617753300917,1.065411533384217,13.88385343883813,4.511691356480508,57.12396821995002
25_50_broad_both_10,25_50,broad_both,noisy,10,True,882,926.1080818858804,864,300.2096369111188,0.05045717271171393,15.147729499345253,285.0619074117736,1.0743812448660024,119.9992588819957,3.0022750867820593,1.5001273861283673,12.218223500058247,14.616379274958863,118.49711388640442,2.20247165614732,1.3003464455836466,10.022689959968254,19.60099989367248,121.50047411780625,-2.5025009568472583,1.7003939100883685,16.192312455999232,25.13893291300138,3.700988297771492,18.39081147809942,1.5124986036328347,10.581267479129192,1.6815743355122739,50.78969155694205
25_50_broad_both_11,25_50,broad_both,noisy,11,True,882,909.8855882302864,864,297.97380443241144,0.04944120619170384,14.73218430466929,283.2416201277421,1.0879552049825207,120.00072964878066,3.0002719195444643,1.5001807217177459,11.733953174168496,15.722268299285492,118.50083266765495,2.1999808911459464,1.2999155634835164,9.88283292104217,19.350128140173148,121.50016374344284,-2.5026009843555417,1.7000829129019448,15.828522169161204,25.378515813266656,2.4079994578758304,36.180157586610704,0.8780702595044605,24.04012329219903,1.61886250813535,48.684120027430964
25_50_broad_both_12,25_50,broad_both,noisy,12,True,882,1005.3338372218284,864,300.5721160075888,0.050353043911962436,15.134720956041587,285.43739505154724,1.0753093115449641,119.9988975139181,3.0033348078189652,1.5000256480464789,12.272355371243476,14.124556767925853,118.50136862738282,2.199357704884875,1.3002161760560869,10.104676161853694,18.902140166741763,121.50358177690488,-2.5053110313152414,1.7005028411528962,16.093919311887397,25.298730695640433,2.463572001361338,14.278732516743457,0.6118424905080412,27.463746626189458,1.7418527698543063,18.077849246326657
25_50_broad_both_13,25_50,broad_both,noisy,13,True,882,850.5853358385443,864,299.1248186568902,0.050550151940524916,15.120805032287763,284.00401362460246,1.0732655321302307,120.00037231022932,3.000101705592688,1.5002723554352624,12.131936632196743,15.72770156949607,118.49889097203686,2.200683213880098,1.3001726621409817,10.119050997446767,19.84926534677834,121.500950094418,-2.502495275196423,1.70030356266747,16.258088222315163,25.704850620093577,3.8035133080805035,29.996540135365237,1.3629690745385876,14.00993574215131,3.863173916273266,28.575003551421922
25_50_broad_both_14,25_50,broad_both,noisy,14,True,882,848.468381235943,864,299.96208279731036,0.050622698170696485,15.18488998010171,284.77719281720863,1.0721590189082788,119.99954147866725,3.0016032401942256,1.5001684372482933,12.253035389029824,14.989686946934931,118.49823495744293,2.201377673444797,1.3002790998108082,10.107696478559742,19.660558415341747,121.50069382485907,-2.5024855335843545,1.7003814032167688,16.27679805340539,25.371630769352578,1.4703492822586228,21.562205005257393,1.4321684478833832,12.518105502327511,3.4961340157321836,34.72265078146218
25_50_broad_both_15,25_50,broad_both,noisy,15,True,882,939.0340919651076,864,297.8342271855901,0.049484625125223045,14.738215081739442,283.0960121038507,1.0874749357765605,120.00095483193664,2.9998728413525417,1.50022592911075,11.718061601614501,15.896777736081338,118.5003811766473,2.20024004085892,1.2999186710295487,9.884512441153742,19.480458898452795,121.50006134262318,-2.5024101686061155,1.700076256413124,15.84552816762868,25.4550299285824,1.5979693902046062,39.57918635141653,0.9006606523787575,21.680122836821106,2.811489638593411,52.789432962500946
25_50_near_both_00,25_50,near_both,noisy,0,True,882,841.6367439389867,864,299.1615344222512,0.049899965607654743,14.928150278803555,284.2333841434476,1.0815223181523985,119.99975491175088,3.001678495677875,1.5000940154893176,12.003852227982911,15.036449588845054,118.50043678316115,2.200176203362689,1.3000650787726107,9.983997771633641,19.24924114281658,121.50047028304101,-2.5027906010199445,1.7002372932257281,16.00018160204145,25.224548262816175,1.6392295853093886,24.063575876490674,1.2590216478131258,21.117359148607445,2.504697308692729,41.3084002326717
25_50_near_both_01,25_50,near_both,noisy,1,True,882,841.0832820211135,864,298.8491118587117,0.050109905344853954,14.975300707633714,283.873811151078,1.0788584976200848,120.00026595121291,3.000600297830117,1.5001891427432017,12.013181650358646,15.547052080378451,118.50068336218347,2.199664122271376,1.300049223167348,10.052504762870157,19.46731532590299,121.50110150480913,-2.502995581866786,1.7002401804719722,16.08315300847485,25.56033779356885,1.8047324848622714,29.563810584632925,1.4295896799730907,21.059276175793542,2.409694626102464,29.226676010466214
25_50_near_both_02,25_50,near_both,noisy,2,True,882,831.4627175130358,864,299.512823247947,0.05025132852420553,15.050917278244887,284.4619059697021,1.0768327522998375,119.99966335686135,3.001644458597237,1.500117864310434,12.136169783641238,15.03663946869563,118.50049423591207,2.1998730448623585,1.300122251876813,10.07751057855124,19.331311788598992,121.50110864083058,-2.503085641303411,1.7003123849703303,16.13226414091423,25.37740159640559,1.9617029120430256,22.326722651827467,0.9825490812982481,20.43513691220242,3.4651743686297545,29.48180595961336
25_50_near_both_03,25_50,near_both,noisy,3,True,882,831.1015756097812,864,298.8741452168826,0.050065323401244845,14.963230736553841,283.91091448032876,1.0794517628063245,120.00019530904952,3.0007477421880115,1.5001753071989752,12.004823589848689,15.4774470141865,118.50033963462975,2.199990017065376,1.3000566296166869,10.031113579476042,19.470169907864193,121.50068721992764,-2.502707248866801,1.7002294892562382,16.071209759150147,25.4728920943147,1.6700241336497204,28.92113783884756,1.3079916731886125,19.845206090048904,3.084384684290662,33.88319482230621
25_50_near_both_04,25_50,near_both,noisy,4,True,882,837.1405039559784,864,298.98599804023615,0.04993752577109394,14.930620982330536,284.0553770579056,1.0810969780939967,119.99997061546505,3.0012378461296927,1.5001304378508151,11.987796912847474,15.246442141708815,118.50027307423252,2.2002102579032896,1.300057681222925,9.992448005906539,19.356568019496276,121.50043890452196,-2.5026654636127406,1.7002247005325024,16.018665216572728,25.317386665769185,1.7203973843904203,26.515749394058613,1.3279356050361046,20.13254436199611,3.288516507500985,40.200593004572454
25_50_near_both_05,25_50,near_both,noisy,5,True,882,843.9798807185567,864,299.182156697746,0.05054231398668181,15.121358503030116,284.06079819471586,1.0733240926316565,120.00028423796878,3.000258990277257,1.5002573591155692,12.141380493960398,15.661854071277029,118.49908200990683,2.2005634512631076,1.3001682457383132,10.121983297670871,19.80015678988046,121.50096483000422,-2.5025399763379834,1.7003078380892738,16.25490402342335,25.67910794480353,1.7211713393928965,29.7603224326305,1.0535735581986956,14.682743665950918,2.495554672001598,29.16228201459751
25_50_near_both_06,25_50,near_both,noisy,6,True,882,841.3951700627346,864,298.8725183833346,0.05016280862487499,14.992284942897644,283.88023344043694,1.0781710680507128,120.0002871205275,3.0005286008508403,1.5001984551293663,12.028030379345381,15.576743965274215,118.50060820023458,2.1996746670856124,1.3000572987979426,10.064764082096387,19.500055045745135,121.50116069745077,-2.502997190011411,1.7002488615418703,16.103328405509956,25.59200350412263,2.2545622824499505,29.558395286381824,1.0718919305190324,20.71184848605394,2.6223447828803277,28.394781599479813
25_50_near_both_07,25_50,near_both,noisy,7,True,882,840.0977980522871,864,299.51029818079337,0.0501629274962316,15.024313372017845,284.4859848087755,1.078060702502638,119.9996136966368,3.0017786598693,1.500109224126002,12.104662667939495,14.959174463322496,118.4996443701132,2.2006254311504567,1.300141541813086,10.029779236379879,19.3763881556701,121.50046801935663,-2.502628367087609,1.7002949438295054,16.101251089135463,25.249158400119498,2.148840613353226,22.110401651492744,0.9995061261278013,17.635105671167896,3.4954840141945307,40.86867011118678
25_50_near_both_08,25_50,near_both,noisy,8,True,882,833.8712497030647,864,299.064362256323,0.04993913623516979,14.935015929802685,284.12934632652036,1.0810240412203085,119.99988424269235,3.001408288927303,1.500114390387507,12.002385929264525,15.168709576825648,118.50056135110178,2.2000082501324414,1.30005675860099,9.999538880350645,19.295520622014124,121.50059682517815,-2.5028271140824945,1.700233157716345,16.01759429985507,25.30296639549296,2.3022269919420286,25.13804038642742,1.391540185849118,21.365750750057057,2.836184447235425,37.22807341935322
25_50_near_both_09,25_50,near_both,noisy,9,True,882,832.5324183664877,864,299.1876095255631,0.050431397938452256,15.088449394237943,284.09916013132516,1.0746955998415162,120.00016652165309,3.0005481533154135,1.5002212224113163,12.12370690002767,15.541053113102036,118.4995154740814,2.2003466799043228,1.3001415038457347,10.104413566945173,19.678006636074517,121.50089517801183,-2.5026048938838117,1.7002962018869792,16.212305457803097,25.60026504674873,1.7345848039122391,28.297418278956986,0.9729977482071124,16.229429243838517,2.6358936758346565,30.32371875826697
25_50_near_both_10,25_50,near_both,noisy,10,True,882,827.5220267557964,864,299.4558735503875,0.0501994107345569,15.032508393231435,284.42336515715607,1.0775632794475425,119.99968470519923,3.0016226168243816,1.5001184203032976,12.11200627847085,15.042930315280032,118.499980758019,2.2003113720713334,1.3001281254272559,10.050290451681747,19.37994113028262,121.50064456937301,-2.5027296417844673,1.7002941112455137,16.117680114595345,25.314150045415683,2.387789374053649,22.591452467179213,1.150059228584555,18.512381800861085,3.0975056539181045,36.002927883089335
25_50_near_both_11,25_50,near_both,noisy,11,True,882,832.0300299787989,864,299.6997049915085,0.05052774909291928,15.14315149703287,284.5565534944756,1.0733544156429469,119.99970446924249,3.001352252506876,1.5001699962700485,12.209668020287008,15.139971146999278,118.49903447928173,2.200780081585489,1.3002120576001743,10.10978430615242,19.604191159212494,121.50077271782696,-2.50257488398667,1.7003489840318278,16.244831773522268,25.433418999760324,1.622052287942691,23.062490985957275,1.2592519484974012,14.720924272176552,2.6165853410130464,33.010637035154915
25_50_near_both_12,25_50,near_both,noisy,12,True,882,833.1910383774248,864,298.9403290878998,0.05024258058450432,15.019533574157046,283.92079551374275,1.0771489654514634,120.00027552470536,3.0004877254604474,1.500208850147712,12.053133653338074,15.588697976569764,118.5001356338945,2.1999836905276817,1.3000829628274913,10.073397065788411,19.579670795286365,121.50091165286936,-2.502732441010748,1.7002566129951298,16.139351507133714,25.58532582632155,1.8127658642284228,29.604605189371792,1.2997943232424392,18.51379203794553,2.8772625597919883,30.355721415365256
25_50_near_both_13,25_50,near_both,noisy,13,True,882,828.7910390024806,864,299.68253677950264,0.05050929480653,15.136753598564669,284.545783180938,1.073524732360389,119.99969481337497,3.0014043554867147,1.5001573607233418,12.212752277667821,15.129318968840945,118.49975701070954,2.2002344741189606,1.3001803925990632,10.125932585902461,19.51319538375992,121.50110694488414,-2.5028749679365623,1.7003517935148473,16.234581607815016,25.47033058008556,2.1519214219768985,22.464226849581156,1.3992934428175847,16.7769627499877,3.2190479373533556,28.68543803808041
25_50_near_both_14,25_50,near_both,noisy,14,True,882,830.3013454743796,864,299.08739574427597,0.05025651480766973,15.031090133009583,284.0563056112664,1.0769747224787092,120.00013056365606,3.00072577476186,1.5001952762133173,12.069966179905935,15.46589507844425,118.49958087161369,2.2004463709557074,1.3001161407386803,10.059673139853059,19.599372135666577,121.50059643905907,-2.5025003268402215,1.7002658449966337,16.146163786741973,25.496005587767367,1.8945815031501767,28.045949979146094,1.3871273344630555,16.720913984201747,3.202045787796834,34.840818372219104
25_50_near_both_15,25_50,near_both,noisy,15,True,882,829.0546469227078,864,299.0103767031384,0.05015981520370802,14.998305239420542,284.01207146371786,1.078179417018348,120.00012282715028,3.0008190889624307,1.5001748967937132,12.045849635499067,15.4389556100017,118.50035479464033,2.1999216950101776,1.3000755105603392,10.055680616542219,19.476798502430437,121.50086845297857,-2.5028078116450647,1.7002539626804798,16.10557834090937,25.49853205683106,2.2330915631835953,27.658363954144427,1.0690988028893242,19.770872145046294,2.9654549004430204,31.442890567617233
50_100_baseline_exact,50_100,baseline,exact,-1,True,882,1.5786359149416237e-16,864,299.99999999965314,0.05000000000001591,14.999999999987429,284.9999999996657,1.080000000001041,120.00000000000009,3.000000000000721,1.4999999999996383,11.999999999964851,15.00000000008297,118.49999999999717,2.2000000000009647,1.3000000000002956,9.999999999926912,20.000000000384944,121.50000000000203,-2.500000000000785,1.700000000000093,15.99999999993855,25.000000000128438,2.0,25.0,1.2,18.0,3.0,35.0
50_100_baseline_noisy,50_100,baseline,noisy,-1,True,882,823.4807435568412,864,298.42875585655264,0.05005882995334222,14.938994342610648,283.48976151394197,1.0809623557233508,120.00007011965076,3.0025382647330416,1.4997670625544632,11.978240962612375,14.948200652994108,118.4999205653771,2.200873533353083,1.3001271464619077,9.99794916625094,19.460660383204466,121.4990270797171,-2.501074617226592,1.69979722425052,16.065510370509227,24.536957365604948,2.0,25.0,1.2,18.0,3.0,35.0
50_100_broad_R1H_00,50_100,broad_R1H,noisy,0,True,882,820.7525560965062,864,298.39051793993247,0.050063779304880825,14.938557036813862,283.4519609031186,1.0809420221689052,120.00006788826234,3.002541451376265,1.4997707405084466,11.9792181185074,14.950456482588782,118.49994958894483,2.200836863494926,1.3000993284168714,9.998742410986535,19.468875041306315,121.499194719918,-2.5012021072185253,1.6998281562017041,16.062936248279886,24.559970602758117,1.8390178123841476,25.0,2.0532787469891285,18.0,1.848338510625374,35.0
50_100_broad_R1H_01,50_100,broad_R1H,noisy,1,True,882,823.2241302429705,864,298.3322083748404,0.05008441547892502,14.94179427499074,283.39041409984964,1.0806577511917448,120.00010557448228,3.0024043432808476,1.4997031136060224,11.984432390797648,15.011215090869264,118.49993219120455,2.2008585088063435,1.3001374864897806,10.005177458158348,19.473732120259452,121.49918943854587,-2.5011953669812086,1.6998359528106317,16.072300371475148,24.576183033795367,3.835221283955044,25.0,0.8462873740395102,18.0,1.6305361177901565,35.0
50_100_broad_R1H_02,50_100,broad_R1H,noisy,2,True,882,825.6953488164601,864,298.46751682708094,0.050052109858865906,14.938928941531964,283.528587885549,1.081040634510548,120.00006435434442,3.002555733178713,1.499778161113207,11.976214600434918,14.932732891767373,118.49989774046108,2.200892268109865,1.3001464149175526,9.995881394628194,19.45144330759908,121.49899192084763,-2.5010409919570877,1.6997895825859362,16.063486660732462,24.52598606488841,1.7346730350570154,25.0,0.6124626077832709,18.0,3.3050987525768543,35.0
50_100_broad_R1H_03,50_100,broad_R1H,noisy,3,True,882,824.8858690626581,864,298.4105765689523,0.050066257609992615,14.940300800047593,283.47027576890474,1.0808422494419558,120.00008573191933,3.0024853057148624,1.4997387215007503,11.980453325435478,14.973847042996804,118.49991497374485,2.20088681239262,1.3001424495487561,10.000693179018391,19.46255303992337,121.49896234212797,-2.5010278854468715,1.6997888749803356,16.070739126844536,24.536519302690884,2.8305651159013028,25.0,0.7204242122464012,18.0,3.3285916963575515,35.0
50_100_broad_R1H_04,50_100,broad_R1H,noisy,4,True,882,828.753068456143,864,298.52853790424126,0.05003713562651627,14.937512939500124,283.5910249647411,1.081140884439769,120.00005486602194,3.0026195786624754,1.499796438198054,11.974180003589359,14.914298085197284,118.49989713885667,2.200925136984979,1.3001392749999592,9.993557825643023,19.44750006254719,121.49860121788002,-2.500766364835142,1.6997156804971612,16.068193328349192,24.47321826263743,1.2109836958709859,25.0,0.8611402862435381,18.0,5.988944146878341,35.0
50_100_broad_R1H_05,50_100,broad_R1H,noisy,5,True,882,820.1922395943873,864,298.3013112432832,0.05008715826990776,14.94106498836334,283.36024625491984,1.0805853904277527,120.00010645971419,3.0024226561577025,1.499701424552429,11.986856677636498,15.023043959120288,118.49998280630933,2.200832613548006,1.3000920363640969,10.007409711491126,19.48811276850412,121.49905621032366,-2.5011183246524533,1.6998108679845918,16.077689326253555,24.568604233023052,3.7885230459940336,25.0,2.2665451232100065,18.0,2.47080103071988,35.0
50_100_broad_R1H_06,50_100,broad_R1H,noisy,6,True,882,823.8045587375175,864,298.35331997881815,0.050079866228306215,14.941494353310253,283.4118256255079,1.0807116275112014,120.00010013857782,3.00242279383372,1.4997127329935267,11.983202861163234,15.000384859373806,118.49992394341965,2.200865824490135,1.300142496535877,10.003834208800995,19.469617257479392,121.49916220433924,-2.5011727610680357,1.6998296229788443,16.071024777189773,24.568945572818034,3.56995455476811,25.0,0.6967182921111676,18.0,1.8635347988470543,35.0
50_100_broad_R1H_07,50_100,broad_R1H,noisy,7,True,882,821.772196398928,864,298.4267710808942,0.050055418734728144,14.937876988107018,283.4888940927872,1.0810044148056719,120.00006117967676,3.0025788642127225,1.4997837189049326,11.977943786219232,14.937554594330752,118.49994708360984,2.200853539041389,1.3000976617439761,9.997253752853897,19.465671055529043,121.49900911642965,-2.5010701807029503,1.6997916569388483,16.064644519698984,24.533947010064846,1.4760873996839512,25.0,2.1237215274896064,18.0,3.158969799281719,35.0
50_100_broad_R1H_08,50_100,broad_R1H,noisy,8,True,882,822.0292529266856,864,298.3630443852189,0.05007410023345202,14.940260990503345,283.42278339471557,1.0807921345631393,120.00008805467756,3.002468777366457,1.4997338891732304,11.981915150563665,14.983174013439609,118.49993737451709,2.200853661836304,1.3001219129394128,10.002104566398472,19.47092345782136,121.4991584569824,-2.501174207704593,1.6998259337115438,16.0685492719459,24.564570784184482,2.9198478991001453,25.0,1.340309818755957,18.0,1.9611658832244174,35.0
50_100_broad_R1H_09,50_100,broad_R1H,noisy,9,True,882,825.3012430827521,864,298.4424723844609,0.05005719218924258,14.939192197581683,283.50328018687924,1.0809223860278387,120.0000761132189,3.002532998622883,1.4997562829591184,11.978959593243971,14.957798815342537,118.49991908884824,2.200896344984914,1.3001317940250454,9.998874280711735,19.46099241249032,121.49879578048949,-2.5009118942386777,1.6997557948372355,16.071541348969987,24.512135150961505,2.310879764447119,25.0,1.065411533384217,18.0,4.511691356480508,35.0
50_100_broad_R1H_10,50_100,broad_R1H,noisy,10,True,882,821.3669112019688,864,298.31648951524943,0.0500853247918921,14.941278268148343,283.3752112471011,1.0806453146787167,120.0001037008748,3.002416706085648,1.4997061065365507,11.985118882316094,15.012803671193815,118.49995346509779,2.20084311727591,1.3001160128757778,10.005696792068036,19.47984789406078,121.4991804097483,-2.5011962901018925,1.6998336264696856,16.073033501334784,24.577583893963634,3.700988297771492,25.0,1.5124986036328347,18.0,1.6815743355122739,35.0
50_100_broad_R1H_11,50_100,broad_R1H,noisy,11,True,882,823.3424792004578,864,298.3978935004477,0.050066789437465176,14.939824502470074,283.45806899797765,1.0809079476080903,120.00007745053647,3.002496242885049,1.4997531650199774,11.979182347887058,14.960171895202345,118.49991518168433,2.200862141531055,1.3001369210364304,9.9991722908684,19.461386836005143,121.49922381855515,-2.5012117188058163,1.6998360274490139,16.063264832496554,24.563190829309644,2.4079994578758304,25.0,0.8780702595044605,18.0,1.61886250813535,35.0
50_100_broad_R1H_12,50_100,broad_R1H,noisy,12,True,882,824.2309788184882,864,298.4067530381275,0.050066047366791225,14.94004663217726,283.4667064059502,1.0809115077521942,120.0000782341889,3.0024926313531632,1.4997519288616972,11.978936903085533,14.959592780437506,118.49990727208875,2.200869670436824,1.3001455861274192,9.999004617488618,19.458808715132736,121.49920618929987,-2.5011964234951405,1.6998330005733027,16.06344568321359,24.56015979092313,2.463572001361338,25.0,0.6118424905080412,18.0,1.7418527698543063,35.0
50_100_broad_R1H_13,50_100,broad_R1H,noisy,13,True,882,823.4478973899357,864,298.35175976518883,0.05007912120637077,14.941193939414907,283.4105658257739,1.0806402811460556,120.00010582923048,3.0024315968661077,1.4997030042621935,11.985104248228183,15.014623945775044,118.49994864268541,2.2008755358362473,1.3001215076486767,10.005755281037004,19.477944234331794,121.49885590969876,-2.5009664691592133,1.6997734593359153,16.07978168549429,24.5393184358681,3.8035133080805035,25.0,1.3629690745385876,18.0,3.863173916273266,35.0
50_100_broad_R1H_14,50_100,broad_R1H,noisy,14,True,882,823.6460849146567,864,298.455370889565,0.050051484378836664,14.938134333858967,283.51723655570606,1.0810443505888243,120.00006029807209,3.0025791458805084,1.4997856307254511,11.976660576021276,14.930712572187584,118.49992169281614,2.200876001304195,1.3001200518150846,9.996044212846451,19.458092138327174,121.49896404755737,-2.5010299307155535,1.6997832094584449,16.064097624974817,24.52431163615236,1.4703492822586228,25.0,1.4321684478833832,18.0,3.4961340157321836,35.0
50_100_broad_R1H_15,50_100,broad_R1H,noisy,15,True,882,824.4436549312693,864,298.45613607009153,0.05005307785008483,14.938648213551803,283.51748785653973,1.0810491777998015,120.00006202676164,3.002561198562704,1.4997823112538153,11.976226897637014,14.930490066883914,118.49990546225587,2.200879556088948,1.300136966835466,9.995762629260609,19.45374194729235,121.49906641581319,-2.5010962752135812,1.6998028220010286,16.061746088247506,24.534886202290483,1.5979693902046062,25.0,0.9006606523787575,18.0,2.811489638593411,35.0
50_100_broad_R2H_00,50_100,broad_R2H,noisy,0,True,882,971.2150632365826,864,297.2391838910259,0.05032848355319197,14.959597377823702,282.2795865132022,1.0778346945654336,120.00072022802303,3.000671664192161,1.499022645601328,12.02501018697472,15.734381421302128,118.50005281162366,2.2007994256821832,1.300207299352179,10.074749742765476,19.610812804732024,121.50152575362554,-2.5031044547646344,1.7004293351470092,16.122800563738824,25.01729384418495,2.0,39.477738709376794,1.2,16.43141869870461,3.0,24.67206975108339
50_100_broad_R2H_01,50_100,broad_R2H,noisy,1,True,882,906.9176342302405,864,297.7222498603506,0.0501533756212443,14.931775828048112,282.7904740323025,1.0807112586619931,120.00023257414585,3.001804595908295,1.4994863906948828,11.974359474407082,15.195172025152246,118.49995237395038,2.200687583599942,1.3000950917357748,10.006784972092357,19.506901160884567,121.50221736710672,-2.5035016692982475,1.7005328708414453,16.01477548075697,24.90012875359354,2.0,29.403430036965894,1.2,18.102083627764795,3.0,23.00313983791703
50_100_broad_R2H_02,50_100,broad_R2H,noisy,2,True,882,1007.2936925894315,864,297.6629589221253,0.05015081946745877,14.928041315053104,282.7349176070722,1.0808418713411199,120.00018379604346,3.001967819417027,1.499550852179355,11.97568660310798,15.149854816696454,118.50041359651522,2.200229328493258,1.299798380416397,10.008922522339319,19.539630407104497,121.50305957091534,-2.50423057012337,1.7008397788546679,15.996830140657442,24.936894112942614,2.0,28.108573200360095,1.2,22.709530290671317,3.0,18.454293151115767
50_100_broad_R2H_03,50_100,broad_R2H,noisy,3,True,882,1150.9057483639049,864,300.867692429201,0.04955121352981158,14.908359271781013,285.95933315741996,1.0861141394118563,119.99977557811806,3.0048186735620948,1.5005686603300734,11.87932912593915,13.786129025115784,118.49952242029933,2.20144697279835,1.300202107257498,9.871919911208865,19.143056693235064,121.49303643005479,-2.4965903616649716,1.698842963169031,16.013330761126095,23.36153497990474,2.0,14.710690359482856,1.2,17.53288633933033,3.0,54.30735740538176
50_100_broad_R2H_04,50_100,broad_R2H,noisy,4,True,882,1232.1189265239545,864,299.6892314514224,0.04989378150894861,14.952629034622,284.7366024168004,1.0827960694249372,119.99980269693381,3.004137733454787,1.5005237818840735,11.962940482156881,14.090730770706108,118.50155278265072,2.1990508913150664,1.2994003027621617,9.971732966107464,19.299028025219457,121.50298126471729,-2.504012994797442,1.700798553978634,15.92207185144627,24.700484877241543,2.0,15.218066330301442,1.2,30.423737426773336,3.0,20.18174501312099
50_100_broad_R2H_05,50_100,broad_R2H,noisy,5,True,882,1094.962507317138,864,299.29535762318636,0.04985836682031901,14.922377727995386,284.37297989519095,1.0842664813710812,119.99981455369657,3.003873767663941,1.5004018005286643,11.922505225917073,14.123363601554617,118.50043319417458,2.1999526488589702,1.299700780508488,9.925444083246857,19.325039912659754,121.50330200034347,-2.504197883115713,1.7008415315945304,15.872889838689511,24.676167275057196,2.0,16.363321497079536,1.2,24.90511411942418,3.0,19.071229873119517
50_100_broad_R2H_06,50_100,broad_R2H,noisy,6,True,882,1449.4998683993101,864,299.85390096785903,0.04936745185248549,14.803023018810734,285.0508779490483,1.0895913189452118,119.99991205213736,3.004109290925976,1.4999167695518516,11.776115544668599,14.232650206961534,118.49926348287102,2.2024194042803025,1.3001692135891867,9.809065640785466,19.08911833906288,121.48824606125491,-2.4935218428406665,1.6981530186225113,16.01435459539118,22.650154468820904,2.0,21.435901826968053,1.2,16.243453431888174,3.0,69.60100577826066
50_100_broad_R2H_07,50_100,broad_R2H,noisy,7,True,882,940.7434582418917,864,297.9166244292868,0.05015940233666487,14.943319827529677,282.9733046017571,1.0804110225025128,120.00028020135615,3.001622506779464,1.499441678020732,11.97596191538244,15.222238760340089,118.49983207345551,2.200802959905953,1.3002901808527934,10.012582912572144,19.452242336113414,121.50209990066308,-2.5033592457733014,1.7005210598363532,16.024750266759895,24.886010630202076,2.0,30.6494342388468,1.2,15.256559645623723,3.0,23.402212054362604
50_100_broad_R2H_08,50_100,broad_R2H,noisy,8,True,882,998.552090640174,864,297.5301426660132,0.050320583867089395,14.97189049701219,282.55825216900104,1.076437880061305,120.00096758334581,3.000532328186562,1.4988768669937909,12.052509274544207,15.939844922497974,118.50011062394363,2.201214814440462,1.3002647798180347,10.107510810159201,19.644998288762206,121.4965249186705,-2.499542598911737,1.6994942430424482,16.268097280469636,24.544452139524786,2.0,43.67881768596865,1.2,15.767607651464882,3.0,40.670669706174664
50_100_broad_R2H_09,50_100,broad_R2H,noisy,9,True,882,1298.8654625924273,864,301.69742815845814,0.049429158583280765,14.912650020612384,286.78477813784576,1.0873006255189743,119.9997446580632,3.0051316493870086,1.50071002414562,11.849806483309797,13.506740950024932,118.49936842049405,2.2016013546806597,1.3004632595954941,9.844023559823052,18.964251297352973,121.4921755005475,-2.4958546236286945,1.698745167378713,15.988518103308818,23.117622515183776,2.0,13.548617753300917,1.2,13.88385343883813,3.0,57.12396821995002
50_100_broad_R2H_10,50_100,broad_R2H,noisy,10,True,882,1198.6863230506299,864,301.07221111975974,0.04968317897407399,14.958224549183212,286.1139865705765,1.0837747621942775,119.99984173649142,3.0038661864785,1.5003407412466214,11.9134457306241,14.117156609022192,118.49970538975207,2.20129725938056,1.300684154922621,9.930645795386598,19.0023201715444,121.49396437270894,-2.4971298288124415,1.699058361483767,16.064136774571143,23.566399931738673,2.0,18.39081147809942,1.2,10.581267479129192,3.0,50.78969155694205
50_100_broad_R2H_11,50_100,broad_R2H,noisy,11,True,882,1018.2923036235738,864,297.71326095394056,0.050193698879031204,14.943329772616531,282.769931181324,1.0777839642265785,120.00057670909389,3.00156172311793,1.4991337158034446,12.038299206433713,15.712250757032779,118.50085211946576,2.2007551618846137,1.299726896241302,10.086305774427963,19.664784727077087,121.4938891568782,-2.4977560883154544,1.699080623593639,16.28017728068085,24.15085170483971,2.0,36.180157586610704,1.2,24.04012329219903,3.0,48.684120027430964
50_100_broad_R2H_12,50_100,broad_R2H,noisy,12,True,882,1220.5926516117966,864,299.860671462207,0.049824514058809354,14.940412240952746,284.92025922125424,1.084140606163664,119.99977810385101,3.0043168108465492,1.5006054816298109,11.932483048880203,13.898597544406032,118.50085996161803,2.1995119139775205,1.2995727466350078,9.930627940447456,19.277827829274802,121.50343754943127,-2.5042741189728095,1.7009415667654835,15.870745910337751,24.6353269217186,2.0,14.278732516743457,1.2,27.463746626189458,3.0,18.077849246326657
50_100_broad_R2H_13,50_100,broad_R2H,noisy,13,True,882,909.5735290903601,864,298.224341664041,0.050153976886231265,14.957136738729847,283.26720492531115,1.0799095708151307,120.00025615245958,3.0017333864835485,1.49949913977654,11.988340890094527,15.19828033823135,118.49984082446795,2.200873732423103,1.3003876859976018,10.023356628449475,19.421687249401913,121.50077933641433,-2.502326438776888,1.70020195880929,16.063922262169015,24.774480191516556,2.0,29.996540135365237,1.2,14.00993574215131,3.0,28.575003551421922
50_100_broad_R2H_14,50_100,broad_R2H,noisy,14,True,882,939.7907978006776,864,299.5834003133226,0.049936585625548174,14.96017212173911,284.6232281915835,1.0820254834702574,119.9999400568851,3.0029790008854556,1.5000651488427688,11.952498942395096,14.542464605548439,118.49971918790696,2.2009330855812017,1.3005238540023754,9.970547115799107,19.21830017942033,121.49924942329571,-2.501014383823653,1.6998616510071012,16.01857812212815,24.40841170458971,2.0,21.562205005257393,1.2,12.518105502327511,3.0,34.72265078146218
50_100_broad_R2H_15,50_100,broad_R2H,noisy,15,True,882,1094.9702799503152,864,297.62677032808034,0.05014386974224216,14.924158003135483,282.7026123249449,1.0785056196533704,120.00074066783668,3.0013334327633583,1.4989653968641772,12.01377099743905,15.78687310519542,118.50046304559984,2.2012574768899125,1.2998561465076512,10.067253279305158,19.653572191929545,121.49253501705205,-2.49683149716403,1.698882656884176,16.28656322105852,23.952864312208995,2.0,39.57918635141653,1.2,21.680122836821106,3.0,52.789432962500946
50_100_broad_both_00,50_100,broad_both,noisy,0,True,882,972.4725706951085,864,297.19761994690487,0.05032959403136322,14.957835559015098,282.23978438788976,1.077882455134307,120.00071592363068,3.0006776256501344,1.4990228873175753,12.024265816763382,15.73505259046548,118.50006928579334,2.2007762327909908,1.3001786159580664,10.073882217341069,19.618769347094403,121.50165722679527,-2.5032105085636585,1.7004633141030774,16.119034749252886,25.028982521099742,1.8390178123841476,39.477738709376794,2.0532787469891285,16.43141869870461,1.848338510625374,24.67206975108339
50_100_broad_both_01,50_100,broad_both,noisy,1,True,882,921.8715050749674,864,297.669643067174,0.05017079448466476,14.9343224866467,282.7353205805273,1.0804839604474916,120.00027285896701,3.0016899139466338,1.499431323778567,11.978657293270208,15.24204015506975,118.49995796929605,2.2006800507026307,1.300106485891162,10.012050156167296,19.514942358049872,121.50232595612009,-2.5035881115437526,1.700577965949968,16.020225787624796,24.92008395449139,3.835221283955044,29.403430036965894,0.8462873740395102,18.102083627764795,1.6305361177901565,23.00313983791703
50_100_broad_both_02,50_100,broad_both,noisy,2,True,882,1000.7971213675354,864,297.67328077387737,0.0501454519570275,14.926961199937224,282.7463195739401,1.0809394397967194,120.00017758275456,3.001983004615174,1.4995590413170314,11.9733771154606,15.13760653835116,118.50036985313974,2.200263464960676,1.2998157534169057,10.00615215273056,19.535407201142316,121.50304778361703,-2.5042135259266503,1.7008291419066703,15.993823326230796,24.931899671328043,1.7346730350570154,28.108573200360095,0.6124626077832709,22.709530290671317,3.3050987525768543,18.454293151115767
50_100_broad_both_03,50_100,broad_both,noisy,3,True,882,1145.6153122579976,864,300.78956763503874,0.04955689351069163,14.906196572416594,285.88337106262213,1.0860960950104568,119.99978272674204,3.004743908023319,1.5005255374200903,11.878680394042398,13.827555928708481,118.49951430855637,2.201473719893731,1.300213101840112,9.872929853111977,19.14499738489527,121.492979440315,-2.496559117805195,1.6988327196956574,16.015652116195092,23.361559128724714,2.8305651159013028,14.710690359482856,0.7204242122464012,17.53288633933033,3.3285916963575515,54.30735740538176
50_100_broad_both_04,50_100,broad_both,noisy,4,True,882,1211.038836832324,864,299.7718727578541,0.04988824599409047,14.955092930253013,284.8167798276011,1.082748265948069,119.99979641974912,3.0042219639767818,1.5005637378542103,11.965306379696862,14.05786413397981,118.50152366381792,2.1990831745449313,1.2994143952545834,9.971794846166192,19.297919612615047,121.50272416994413,-2.503804538073595,1.7007037406028018,15.927619757727822,24.684956848501496,1.2109836958709859,15.218066330301442,0.8611402862435381,30.423737426773336,5.988944146878341,20.18174501312099
50_100_broad_both_05,50_100,broad_both,noisy,5,True,882,1093.59656932794,864,299.13000339620305,0.049889432314057264,14.923426057538592,284.2065773386645,1.083869440719886,119.99983629888548,3.00371709728054,1.5003166627072861,11.930509923396004,14.226382068191198,118.5005446584371,2.1998877493583637,1.299664909443594,9.936646313226797,19.346457610417808,121.5033001681317,-2.504229857585296,1.700855140197106,15.88663764553981,24.70543982279023,3.7885230459940336,16.363321497079536,2.2665451232100065,24.90511411942418,2.47080103071988,19.071229873119517
50_100_broad_both_06,50_100,broad_both,noisy,6,True,882,1433.389585351153,864,299.77472384940154,0.04940273465904614,14.809691139820815,284.9650327095807,1.0890662480250335,119.99993787202862,3.003971683338836,1.4998577699374211,11.787259966177668,14.307769384149259,118.49929285935413,2.2023882905334977,1.3001881543228526,9.820882099816657,19.10579889912706,121.488357710781,-2.493596029583208,1.6981785991516973,16.028590803172644,22.697388067161217,3.56995455476811,21.435901826968053,0.6967182921111676,16.243453431888174,1.8635347988470543,69.60100577826066
50_100_broad_both_07,50_100,broad_both,noisy,7,True,882,931.0399148809288,864,297.8831249934379,0.05015661191445963,14.940808296162334,282.94231669727554,1.0804875673729681,120.00026925281205,3.0016593237976443,1.4994530371241448,11.974945757289394,15.216111531515121,118.49983680560076,2.2008006746152513,1.3002589474953818,10.010868988957911,19.461935374924508,121.50209199654128,-2.503363311892412,1.7005129023803687,16.02279248633256,24.8856691596397,1.4760873996839512,30.6494342388468,2.1237215274896064,15.256559645623723,3.158969799281719,23.402212054362604
50_100_broad_both_08,50_100,broad_both,noisy,8,True,882,999.6444451828503,864,297.4920139053618,0.05033164223164383,14.97326161065588,282.5187522947059,1.0763047182467265,120.00099598822409,3.0004796593485894,1.4988588212383411,12.055548958018932,15.959618472436063,118.50012231668678,2.2011986012539744,1.300260415090443,10.110661969036501,19.652893689469213,121.49667480469186,-2.499655830650967,1.6995205497337673,16.269447629367516,24.57204623835763,2.9198478991001453,43.67881768596865,1.340309818755957,15.767607651464882,1.9611658832244174,40.670669706174664
50_100_broad_both_09,50_100,broad_both,noisy,9,True,882,1311.2492079101773,864,301.6765262819789,0.049414294074912,14.907132585195624,286.7693936967833,1.0875452298815136,119.9997459715983,3.005127912032718,1.5006898571934466,11.84350021667773,13.511001535227873,118.49935625262111,2.2016455553758933,1.3004623911532602,9.8392564060708,18.956245913788013,121.4919552831054,-2.4957128830187325,1.698709940278576,15.985866241025233,23.078833501641224,2.310879764447119,13.548617753300917,1.065411533384217,13.88385343883813,4.511691356480508,57.12396821995002
50_100_broad_both_10,50_100,broad_both,noisy,10,True,882,1171.708053984531,864,300.87490917171806,0.049719667799649606,14.959400533267571,285.9155086384505,1.0833827307093746,119.99986635723448,3.0037121843952166,1.500262871410369,11.921959598357892,14.211761137415648,118.49971445104883,2.201289324503769,1.3006699414924903,9.93985145746044,19.0351328859097,121.49413329565175,-2.4972659554590297,1.6990842895609048,16.074120661805686,23.623292125812505,3.700988297771492,18.39081147809942,1.5124986036328347,10.581267479129192,1.6815743355122739,50.78969155694205
50_100_broad_both_11,50_100,broad_both,noisy,11,True,882,1007.8985323552847,864,297.692065319346,0.05020845758959343,14.946659436344861,282.7454058830011,1.0775983867180654,120.00058841037202,3.0015172118469753,1.4991268201386114,12.042607541617764,15.726949903019223,118.50084518127716,2.200738675619943,1.299738740725438,10.090123075899447,19.671256689515403,121.49409376603462,-2.497893601364998,1.6991131643497273,16.281801891694897,24.186745877166242,2.4079994578758304,36.180157586610704,0.8780702595044605,24.04012329219903,1.61886250813535,48.684120027430964
50_100_broad_both_12,50_100,broad_both,noisy,12,True,882,1222.518044017458,864,299.80825821318217,0.04982518699452658,14.938002527975112,284.87025568520704,1.0842299272411815,119.99978103249772,3.004265595572226,1.5005810200856127,11.92952883793119,13.91506658003061,118.50080320304716,2.1995534619713286,1.299586762604615,9.9281153194983,19.28050863055399,121.50352159088759,-2.5043403908052757,1.7009807889829045,15.86699534372288,24.634191183666008,2.463572001361338,14.278732516743457,0.6118424905080412,27.463746626189458,1.7418527698543063,18.077849246326657
50_100_broad_both_13,50_100,broad_both,noisy,13,True,882,909.6434232707687,864,298.1656988216448,0.050173516706148204,14.96002167102815,283.2056771506167,1.0795804356491951,120.0002985054274,3.0016382405077997,1.4994449854764382,11.995633043744556,15.255229086932285,118.49986114217762,2.2008781230835175,1.3003830183222256,10.031029789791695,19.43947514707658,121.50062872956099,-2.502230487682999,1.700176578921865,16.077824210665014,24.78000100264866,3.8035133080805035,29.996540135365237,1.3629690745385876,14.00993574215131,3.863173916273266,28.575003551421922
50_100_broad_both_14,50_100,broad_both,noisy,14,True,882,938.4278689203018,864,299.607169634448,0.04992797101977264,14.958778082824825,284.64839155162315,1.082135941939242,119.99993171689133,3.003024856262394,1.500085024761649,11.950375024242478,14.521696502420708,118.49970802031416,2.2009447679014604,1.3005165748828917,9.967790678453515,19.21702018624898,121.49919067561756,-2.5009731184581163,1.6998469446162146,16.016221008147017,24.395210177161836,1.4703492822586228,21.562205005257393,1.4321684478833832,12.518105502327511,3.4961340157321836,34.72265078146218
50_100_broad_both_15,50_100,broad_both,noisy,15,True,882,1090.156576675129,864,297.63715991842355,0.050142432666200706,14.924251250168764,282.7129086682548,1.078541412262273,120.00072912378481,3.001346826934552,1.4989754558456503,12.01296024089183,15.777779335902805,118.50044296928606,2.2012652954097067,1.299865692281363,10.06608579359832,19.650971250557276,121.49257142262078,-2.49684951495168,1.6988864659627412,16.284539982151653,23.954493069394385,1.5979693902046062,39.57918635141653,0.9006606523787575,21.680122836821106,2.811489638593411,52.789432962500946
50_100_near_both_00,50_100,near_both,noisy,0,True,882,854.8783964671858,864,298.58551645114505,0.05002364070883566,14.93633459581422,283.6491818553308,1.0808681360725352,120.00003878074203,3.002844134282611,1.499832749429786,11.985253075463604,14.918422249976448,118.50021125859662,2.200782329771283,1.299928907634408,10.00290318489909,19.491760320361948,121.49700888551727,-2.4996808029758584,1.699459380601922,16.109807065990708,24.302274782822664,1.6392295853093886,24.063575876490674,1.2590216478131258,21.117359148607445,2.504697308692729,41.3084002326717
50_100_near_both_01,50_100,near_both,noisy,1,True,882,842.6081296874338,864,297.64242420219,0.05020410531478735,14.942871610795358,282.69955259139465,1.079443186009769,120.00025168669961,3.001871680978578,1.4994822989337528,12.008425629375017,15.31098961797134,118.50033299458643,2.2004984855715466,1.2999062814423226,10.039250450419685,19.586924237211484,121.50062128476391,-2.5023790015751763,1.700149840070222,16.08678814288191,24.83791960333149,1.8047324848622714,29.563810584632925,1.4295896799730907,21.059276175793542,2.409694626102464,29.226676010466214
50_100_near_both_02,50_100,near_both,noisy,2,True,882,836.9484597509795,864,298.4494377167169,0.05001991391447264,14.928415182412943,283.52102253430394,1.0819435158257449,119.99997865565474,3.0028809965711556,1.4999341627468883,11.962448776850577,14.7483619490321,118.50004705827314,2.2006056349453176,1.299971396822952,9.97668014044821,19.44826455152345,121.50071856656415,-2.502310241202842,1.7001107892618794,16.000184987574414,24.666830902737733,1.9617029120430256,22.326722651827467,0.9825490812982481,20.43513691220242,3.4651743686297545,29.48180595961336
50_100_near_both_03,50_100,near_both,noisy,3,True,882,821.4584839554685,864,297.8994609331398,0.050168624214774894,14.945206109338704,282.9542548238011,1.0795270320781645,120.00022232890174,3.0020261854206853,1.499531152442293,12.00697495640775,15.259793040473934,118.50018766248652,2.2007090926932125,1.299995815611483,10.034846544740372,19.563392957455658,121.49917607430524,-2.5012879423905336,1.69985337927549,16.111690927932404,24.665630622551692,1.6700241336497204,28.92113783884756,1.3079916731886125,19.845206090048904,3.084384684290662,33.88319482230621
50_100_near_both_04,50_100,near_both,noisy,4,True,882,842.8278100157678,864,298.3219343121837,0.05007866513870373,14.939564251950218,283.3823700602335,1.0802305589348178,120.0001285512247,3.0024709852035123,1.499672864883876,11.994790012457464,15.09531143093591,118.50016010813486,2.2008528526142714,1.2999842592842634,10.017736260178646,19.5224845596554,121.49717344443371,-2.4998225415792596,1.6994961811773286,16.128275341575133,24.3726698850318,1.7203973843904203,26.515749394058613,1.3279356050361046,20.13254436199611,3.288516507500985,40.200593004572454
50_100_near_both_05,50_100,near_both,noisy,5,True,882,891.2660162716296,864,298.1707484331251,0.05014947998505793,14.95310798067675,283.21764045244834,1.080030205896843,120.00024134140838,3.0017917081935743,1.4995133000786478,11.9869621714894,15.1888294467472,118.49984066612285,2.20087717520632,1.3003453320993614,10.02045507702297,19.4370707387293,121.50069940239999,-2.502278888929423,1.7001750161416636,16.062149220237277,24.767115512944095,1.7211713393928965,29.7603224326305,1.0535735581986956,14.682743665950918,2.495554672001598,29.16228201459751
50_100_near_both_06,50_100,near_both,noisy,6,True,882,846.1094054237435,864,297.627718976981,0.05020263056460924,14.941694421588714,282.6860245553923,1.079552081406574,120.00025929853766,3.0018346105239297,1.4994683111013318,12.00514693499518,15.309385162557623,118.50026714880897,2.2005376196585673,1.299937933487827,10.036085158868984,19.58072900735433,121.50083165176564,-2.50252549086298,1.7001948752430223,16.079193174021007,24.852924264105162,2.2545622824499505,29.558395286381824,1.0718919305190324,20.71184848605394,2.6223447828803277,28.394781599479813
50_100_near_both_07,50_100,near_both,noisy,7,True,882,865.2012120314408,864,299.033588214765,0.04994379366771621,14.934871829515037,284.09871638525,1.0819581770534172,119.99997295266859,3.0030803495491707,1.499963990469095,11.959796642951696,14.697616939707286,118.49981713035699,2.2010516821612764,1.3001706493955918,9.972787330347936,19.3874460830413,121.49714899485292,-2.499668658089592,1.6994656386310216,16.069126536810014,24.22574306263842,2.148840613353226,22.110401651492744,0.9995061261278013,17.635105671167896,3.4954840141945307,40.86867011118678
50_100_near_both_08,50_100,near_both,noisy,8,True,882,830.5230944944733,864,298.28379905258635,0.05009061690614274,14.941219507651965,283.3425795449344,1.0802588426430415,120.0000907511328,3.002563445925708,1.4997374625411146,11.99767120458108,15.041218718815255,118.50029712831255,2.200637891012115,1.2999046707390987,10.018265628993493,19.528113471280655,121.49824319163204,-2.5005909324747777,1.6996721062399593,16.10532150923666,24.498734430266925,2.3022269919420286,25.13804038642742,1.391540185849118,21.365750750057057,2.836184447235425,37.22807341935322
50_100_near_both_09,50_100,near_both,noisy,9,True,882,852.3822883257382,864,298.1367362095959,0.05012705824544675,14.944717541085806,283.19201866851006,1.080392788497625,120.00018486914684,3.0020129808100973,1.499581365891318,11.983167983630949,15.127601614715054,118.49986017562729,2.2008677657660054,1.3002428035697429,10.011847795044835,19.4619421038516,121.50040379722267,-2.502080830597404,1.7000892470139337,16.057096950129534,24.72752372895774,1.7345848039122391,28.297418278956986,0.9729977482071124,16.229429243838517,2.6358936758346565,30.32371875826697
50_100_near_both_10,50_100,near_both,noisy,10,True,882,828.8723162958318,864,298.70064117937613,0.0500032661193199,14.936007650903829,283.7646335284723,1.0815967160257844,119.99999452226588,3.0028915183525777,1.4999137820103305,11.96844791526999,14.775216491240537,118.49990883336355,2.200861406003378,1.3001016242593577,9.98232378557865,19.42951209786014,121.49877781620904,-2.500864909790668,1.699739767904067,16.048847149538066,24.458159029699356,2.387789374053649,22.591452467179213,1.150059228584555,18.512381800861085,3.0975056539181045,36.002927883089335
50_100_near_both_11,50_100,near_both,noisy,11,True,882,872.0943615089577,864,298.9681224873033,0.04998471412934208,14.943836136313982,284.0242863509893,1.0819424311052688,119.99998603366487,3.0027788644073348,1.4999377143384889,11.954970559550095,14.69992119016251,118.49971495918248,2.2009370027320334,1.3003535920092788,9.973089537318478,19.325783297489643,121.49981887098527,-2.5015251900929867,1.699944725774552,16.014165709855316,24.527644035119916,1.622052287942691,23.062490985957275,1.2592519484974012,14.720924272176552,2.6165853410130464,33.010637035154915
50_100_near_both_12,50_100,near_both,noisy,12,True,882,833.4416635931611,864,297.8067869431921,0.05017814060201319,14.94339082746928,282.8633961157228,1.079741911628957,120.00024792048862,3.0018666512152117,1.4994887976043714,11.999074716257907,15.269232570624782,118.50005394902973,2.200745071063562,1.3000767873559003,10.028994603759472,19.545006536183497,121.50028191737775,-2.5020736535460326,1.7000699226788094,16.082776515621827,24.775420114771237,1.8127658642284228,29.604605189371792,1.2997943232424392,18.51379203794553,2.8772625597919883,30.355721415365256
50_100_near_both_13,50_100,near_both,noisy,13,True,882,854.2787064009849,864,298.6456178551934,0.04998937897384039,14.929108969839977,283.7165088853534,1.0824402184873188,119.9999768304328,3.002810042819912,1.4999322922149447,11.9466054384265,14.690004551807279,118.49975273694677,2.2008240858003165,1.3001982025868726,9.962586403143545,19.37280725835242,121.50102509736301,-2.5024613792563835,1.7001750042352146,15.976717955463112,24.653287500511883,2.1519214219768985,22.464226849581156,1.3992934428175847,16.7769627499877,3.2190479373533556,28.68543803808041
50_100_near_both_14,50_100,near_both,noisy,14,True,882,836.0036021384917,864,298.2299174439783,0.05011894496261608,14.946968818580286,283.28294862539803,1.0800937889510516,120.00018337978516,3.0021178295500657,1.4995909258037388,11.991785775806424,15.14614390961637,118.49990922984706,2.200934946718502,1.300202884237071,10.01853392898378,19.483749492786895,121.49893267502661,-2.501027495850896,1.6998036700117567,16.09614260091509,24.58197519850898,1.8945815031501767,28.045949979146094,1.3871273344630555,16.720913984201747,3.202045787796834,34.840818372219104
50_100_near_both_15,50_100,near_both,noisy,15,True,882,822.3240856903981,864,297.92055880187957,0.0501503059139296,14.94080716196311,282.97975163991646,1.0800313247668596,120.00017984316327,3.002115652461691,1.4995834262532757,11.996734081837468,15.17839252850037,118.50013237382274,2.2006773374975483,1.3000053036987682,10.022737467890954,19.541335689501043,121.49999339690862,-2.5018602041437954,1.7000006967380603,16.078781774748233,24.72534566970435,2.2330915631835953,27.658363954144427,1.0690988028893242,19.770872145046294,2.9654549004430204,31.442890567617233
control_three_RF,25_50_100,control,noisy,-1,True,1323,1236.04217975023,1305,299.5529361113587,0.0499391214398975,14.959410454143,284.5935256572157,1.0808629722323464,119.9999851904061,3.0015325703302618,1.5001377586233504,11.96657996040519,15.043184391942336,118.49991162426554,2.2007003645870076,1.2999740715801356,9.994427609124786,19.549443418937706,121.49968146945497,-2.502167682692721,1.700115806806877,16.036858717779538,24.525183718172098,2.0,25.0,1.2,18.0,3.0,35.0
exact_check_25_100_broad_R2H_06,25_100,exact_check,exact,6,True,882,494.6513341182075,864,300.0613002786319,0.049333220076841336,14.80299016318892,285.258310115443,1.0882931399333982,119.99982664712145,3.0011542520906294,1.4999506166929655,11.831389021850397,14.778813431682057,118.49958229981199,2.201138857617508,1.299915346301696,9.83251661001127,19.99071374532179,121.49348784750427,-2.495935846649014,1.6989153545104987,15.85403491904573,24.085981487017413,2.0,21.435901826968053,1.2,16.243453431888174,3.0,69.60100577826066
exact_check_25_100_broad_R2H_09,25_100,exact_check,exact,9,True,882,421.14355278704625,864,301.1430377756833,0.049357875854811925,14.863780673073114,286.2792571026102,1.0879407828635932,119.99955522156567,3.0022220964061592,1.5003764530563384,11.898597096823208,13.938442714107342,118.49970683640801,2.2011867165059127,1.3001148466080303,9.83254999836029,19.692661113690068,121.49591285380008,-2.4979679380505466,1.6992276329781204,15.81332979150827,24.118725400562262,2.0,13.548617753300917,1.2,13.88385343883813,3.0,57.12396821995002
exact_check_25_50_broad_R2H_04,25_50,exact_check,exact,4,True,882,220.84845258625802,864,301.0598608373126,0.04984808465134287,15.007257428139864,286.0526034091728,1.0817337321533693,119.99903504137112,3.0022033611662793,1.49985947863387,12.073607814666099,13.85521393519319,118.50158244223158,2.199181402901345,1.300062453391075,9.97370119634534,19.34000727308199,121.50272482702984,-2.5026895506399804,1.7001658443307552,15.854914978198321,24.784957784169087,2.0,15.218066330301442,1.2,30.423737426773336,3.0,20.18174501312099
exact_check_25_50_broad_R2H_09,25_50,exact_check,exact,9,True,882,163.8217641060445,864,301.38490221978674,0.05009579598000957,15.09811657305757,286.2867856467292,1.0785680402192976,119.99887521028106,3.0024085904945186,1.4998565781257034,12.175634364976284,13.722030949006708,118.49839161828329,2.20156182746371,1.3001900215243427,9.958687769976075,19.73433898763487,121.4997566804418,-2.5001101210903025,1.700139797200232,16.003706960382043,24.46302310111126,2.0,13.548617753300917,1.2,13.88385343883813,3.0,57.12396821995002
exact_check_50_100_broad_R2H_06,50_100,exact_check,exact,6,True,882,535.9272700355065,864,301.55425582161325,0.04934394286048358,14.879875968597332,286.6743798530159,1.087778495522914,119.99984616889678,3.0015425805851885,1.5001670392516582,11.817036675740223,14.314570292566405,118.49939339245174,2.201487493967333,1.3000571057139991,9.82817889960107,19.65013221577738,121.48901457351259,-2.4922995350920027,1.6983456043503782,15.980350320305345,23.104079120645675,2.0,21.435901826968053,1.2,16.243453431888174,3.0,69.60100577826066
exact_check_50_100_broad_R2H_09,50_100,exact_check,exact,9,True,882,391.149134817875,864,303.3122772550666,0.04940116496138394,14.983979843490568,288.32829741157605,1.0857750103957933,119.99968238680279,3.0025535008258895,1.5009466589241054,11.88464987744025,13.579251255631869,118.49948287598936,2.2006733739071946,1.3003414571126986,9.857524071700515,19.521789317537586,121.49304646594277,-2.4947067924619044,1.6989394975602492,15.943596101970419,23.57836637075049,2.0,13.548617753300917,1.2,13.88385343883813,3.0,57.12396821995002
restart_check_25_100_broad_R2H_06,25_100,restart_check,noisy,6,True,882,1393.0523801597685,864,299.75540914565505,0.04909446983388682,14.716332891845765,285.0390762538093,1.0915491338557153,119.99984980068301,3.002169272472979,1.5003024534752163,11.721365150254028,14.909451753981916,118.49940942537134,2.202356989410895,1.2996143809897782,9.78326298360121,19.618362100113973,121.4937886322465,-2.4983244334827455,1.698937463584859,15.795376079489348,23.626448611062045,2.0,21.435901826968053,1.2,16.243453431888174,3.0,69.60100577826066
restart_check_25_100_broad_R2H_09,25_100,restart_check,noisy,9,True,882,1298.3844437947491,864,300.83949472883216,0.04910672227962417,14.77324151839122,286.06625321044095,1.0913426571359983,119.99956874068609,3.0032603813186456,1.5007327591285513,11.784849782245402,14.067014006918514,118.49954716915364,2.2024105164921948,1.2998113539278584,9.780818884601828,19.316814186819688,121.49611965957176,-2.5003049061524085,1.6992428938942283,15.752500972278884,23.64296103641078,2.0,13.548617753300917,1.2,13.88385343883813,3.0,57.12396821995002
restart_check_25_50_broad_R2H_04,25_50,restart_check,noisy,4,True,882,1016.9716987661385,864,300.2882287035129,0.050083415751836675,15.039460203540653,285.24876849997224,1.078849045534899,119.9989527542523,3.003362088897468,1.5000039183982268,12.17493131732449,14.135844885516233,118.50154427094436,2.1994131668219796,1.3001731288083038,10.038252425271095,18.82526119251892,121.5030559216324,-2.5050678613066175,1.7004297348256334,16.001462792137435,25.175181414197162,2.0,15.218066330301442,1.2,30.423737426773336,3.0,20.18174501312099
restart_check_25_50_broad_R2H_09,25_50,restart_check,noisy,9,True,882,999.842270218761,864,300.67606964173945,0.050316453221858556,15.128953393060868,285.54711624867855,1.0759419978395393,119.99876544357377,3.003628380497583,1.5000063804940793,12.267868937974693,13.950994673564264,118.49826098285527,2.201880048224264,1.3003112669803352,10.01277811096873,19.20040345649842,121.50058581803808,-2.5029071388732778,1.700426542452953,16.126437873220024,24.880184861913417,2.0,13.548617753300917,1.2,13.88385343883813,3.0,57.12396821995002
restart_check_50_100_broad_R2H_06,50_100,restart_check,noisy,6,True,882,1449.4998744502395,864,299.8535312840897,0.04936745089903752,14.803004482570307,285.05052680151937,1.0895920951094704,119.9999120572602,3.0041093618517203,1.4999167571267766,11.77609998849548,14.23258694370383,118.49926344696391,2.202419408997974,1.3001691929215875,9.809051552100245,19.089088682884118,121.48824666261865,-2.4935224614624962,1.6981530584181326,16.01431683406778,22.650187394773397,2.0,21.435901826968053,1.2,16.243453431888174,3.0,69.60100577826066
restart_check_50_100_broad_R2H_09,50_100,restart_check,noisy,9,True,882,1298.8654633284036,864,301.69660900266,0.04942909264358976,14.912589636649358,286.7840193660106,1.0873033638408853,119.99974465421637,3.005131677108517,1.5007099270783841,11.849745067348174,13.506687644437795,118.49936829157514,2.2016015623947327,1.300463196403834,9.843969136902514,18.96416578415576,121.49217634143538,-2.4958550781257003,1.6987451933804192,15.988413316019798,23.117645518207546,2.0,13.548617753300917,1.2,13.88385343883813,3.0,57.12396821995002
