design,peak,nominal_RF_Hz,offset_ppm,observed,fitted,sigma,residual_sigma
two_RF,A1,25.0,105.0,0.54806469859744,0.5480210314668553,0.001,-0.04366713058467919
two_RF,A1,25.0,105.20547945205,0.54748245041525,0.5479506740153126,0.001,0.46822360006260055
two_RF,A1,25.0,105.41095890411,0.54709082904591,0.5477919439164174,0.001,0.7011148705073911
two_RF,A1,25.0,105.61643835616,0.54737499621958,0.5471666433894076,0.001,-0.20835283017239803
two_RF,A1,25.0,105.82191780822,0.53596902712272,0.5370057637900006,0.001,1.0367366672806577
two_RF,A1,25.0,106.02739726027,0.54555582889699,0.54585887401828,0.001,0.30304512129009087
two_RF,A1,25.0,106.23287671233,0.54845923178905,0.5474864810165277,0.001,-0.9727507725222351
two_RF,A1,25.0,106.43835616438,0.54759257351066,0.547730016152143,0.001,0.13744264148296548
two_RF,A1,25.0,106.64383561644,0.54867673798468,0.5477939051265958,0.001,-0.8828328580842149
two_RF,A1,25.0,106.84931506849,0.54857276797199,0.5478077638582406,0.001,-0.7650041137493568
two_RF,A1,25.0,107.05479452055,0.54870436008632,0.5478015229990888,0.001,-0.9028370872311564
two_RF,A1,25.0,107.2602739726,0.54676082875671,0.5477849945594317,0.001,1.0241658027217992
two_RF,A1,25.0,107.46575342466,0.54942728150644,0.5477620731631979,0.001,-1.6652083432421305
two_RF,A1,25.0,107.67123287671,0.54590623118326,0.5477344315598639,0.001,1.8282003766039168
two_RF,A1,25.0,107.87671232877,0.5464856708524,0.5477026921275534,0.001,1.2170212751534404
two_RF,A1,25.0,108.08219178082,0.54675908214091,0.5476667484682711,0.001,0.9076663273611674
two_RF,A1,25.0,108.28767123288,0.548346186353,0.5476254765660212,0.001,-0.7207097869788015
two_RF,A1,25.0,108.49315068493,0.54862590663856,0.5475746822317102,0.001,-1.0512244068497933
two_RF,A1,25.0,108.69863013699,0.54688624001134,0.5474911158701696,0.001,0.6048758588296232
two_RF,A1,25.0,108.90410958904,0.54591361146744,0.5469033717528489,0.001,0.9897602854088694
two_RF,A1,25.0,109.1095890411,0.54648900261514,0.5472339756784094,0.001,0.7449730632693718
two_RF,A1,25.0,109.31506849315,0.54613318151967,0.5473118798468463,0.001,1.1786983271762086
two_RF,A1,25.0,109.52054794521,0.54798449509865,0.5472427733678922,0.001,-0.7417217307578161
two_RF,A1,25.0,109.72602739726,0.5450326286704,0.5471790514683083,0.001,2.1464227979082207
two_RF,A1,25.0,109.93150684932,0.54527833682669,0.5471623403522258,0.001,1.884003525535749
two_RF,A1,25.0,110.13698630137,0.54482543029668,0.5471447545052792,0.001,2.3193242085992605
two_RF,A1,25.0,110.34246575342,0.54621495168917,0.547103694688431,0.001,0.8887429992610052
two_RF,A1,25.0,110.54794520548,0.54659611683898,0.5470449334561818,0.001,0.4488166172017527
two_RF,A1,25.0,110.75342465753,0.54755392649922,0.5469739172058732,0.001,-0.5800092933467837
two_RF,A1,25.0,110.95890410959,0.54790072859466,0.546893863997823,0.001,-1.006864596836965
two_RF,A1,25.0,111.16438356164,0.54769702717699,0.5468088735789834,0.001,-0.8881535980065358
two_RF,A1,25.0,111.3698630137,0.54571001478049,0.5467192983607136,0.001,1.0092835802236744
two_RF,A1,25.0,111.57534246575,0.54597405811081,0.5466209326804178,0.001,0.6468745696077693
two_RF,A1,25.0,111.78082191781,0.54591454759166,0.546512616797383,0.001,0.5980692057230286
two_RF,A1,25.0,111.98630136986,0.54625041800037,0.5463942214892479,0.001,0.14380348887788053
two_RF,A1,25.0,112.19178082192,0.5433194132879,0.5462652106849918,0.001,2.945797397091776
two_RF,A1,25.0,112.39726027397,0.54674860256793,0.5461246615679757,0.001,-0.623940999954331
two_RF,A1,25.0,112.60273972603,0.54701681175901,0.5459713646093319,0.001,-1.0454471496780249
two_RF,A1,25.0,112.80821917808,0.54491822051281,0.5458038546430739,0.001,0.8856341302638793
two_RF,A1,25.0,113.01369863014,0.54675315535544,0.5456204007557958,0.001,-1.1327545996442367
two_RF,A1,25.0,113.21917808219,0.54459163147656,0.545418973010326,0.001,0.8273415337660683
two_RF,A1,25.0,113.42465753425,0.54372934398539,0.5451971922235642,0.001,1.467848238174252
two_RF,A1,25.0,113.6301369863,0.54497653384115,0.5449522634411601,0.001,-0.024270399989867464
two_RF,A1,25.0,113.83561643836,0.54373736794472,0.5446808908843911,0.001,0.9435229396710376
two_RF,A1,25.0,114.04109589041,0.5439570995922,0.5443791701474555,0.001,0.42207055525556036
two_RF,A1,25.0,114.24657534247,0.54459444657094,0.5440424514215643,0.001,-0.5519951493757613
two_RF,A1,25.0,114.45205479452,0.5427171397065,0.5436651651067318,0.001,0.9480254002317556
two_RF,A1,25.0,114.65753424658,0.54421897652006,0.5432405979317434,0.001,-0.9783785883166196
two_RF,A1,25.0,114.86301369863,0.54185749329502,0.5427606032075153,0.001,0.9031099124953146
two_RF,A1,25.0,115.06849315068,0.54217997636569,0.5422152224677841,0.001,0.03524610209404422
two_RF,A1,25.0,115.27397260274,0.54132013881664,0.5415921865556141,0.001,0.2720477389741571
two_RF,A1,25.0,115.47945205479,0.54002693070521,0.5408762507550348,0.001,0.8493200498247422
two_RF,A1,25.0,115.68493150685,0.53928870598905,0.540048298615274,0.001,0.7595926262240482
two_RF,A1,25.0,115.8904109589,0.53888877463285,0.5390841189993025,0.001,0.19534436645252118
two_RF,A1,25.0,116.09589041096,0.53697674265968,0.5379527147599755,0.001,0.9759721002955413
two_RF,A1,25.0,116.30136986301,0.53694534578697,0.5366139295138658,0.001,-0.3314162731041792
two_RF,A1,25.0,116.50684931507,0.53480513922441,0.5350150646034021,0.001,0.20992537899211516
two_RF,A1,25.0,116.71232876712,0.53359437922888,0.533085972836012,0.001,-0.5084063928679772
two_RF,A1,25.0,116.91780821918,0.53220583751847,0.5307318079029223,0.001,-1.4740296155476562
two_RF,A1,25.0,117.12328767123,0.52816411876475,0.527822085922711,0.001,-0.3420328420390417
two_RF,A1,25.0,117.32876712329,0.52464421734523,0.5241738055187787,0.001,-0.4704118264513557
two_RF,A1,25.0,117.53424657534,0.52047364902287,0.5195247446962753,0.001,-0.9489043265946684
two_RF,A1,25.0,117.7397260274,0.51330135016696,0.5134900576436576,0.001,0.188707476697636
two_RF,A1,25.0,117.94520547945,0.50562669515805,0.5054896319474456,0.001,-0.13706321060447113
two_RF,A1,25.0,118.15068493151,0.49244165627509,0.49462270389212415,0.001,2.1810476170341375
two_RF,A1,25.0,118.35616438356,0.47945347858782,0.47944475237429707,0.001,-0.00872621352293601
two_RF,A1,25.0,118.56164383562,0.456807657073,0.4575605877613485,0.001,0.7529306883485298
two_RF,A1,25.0,118.76712328767,0.42519310438466,0.4248797794274805,0.001,-0.31332495717950604
two_RF,A1,25.0,118.97260273973,0.37314693042332,0.37435096787646627,0.001,1.2040374531462894
two_RF,A1,25.0,119.17808219178,0.29595702950718,0.2946548195842789,0.001,-1.3022099229010875
two_RF,A1,25.0,119.38356164384,0.17478912070372,0.17503603103939114,0.001,0.24691033567114662
two_RF,A1,25.0,119.58904109589,0.044598378095482,0.04559672356577291,0.001,0.998345470290915
two_RF,A1,25.0,119.79452054795,0.0015986194548781,0.001429116522396436,0.001,-0.1695029324816639
two_RF,A1,25.0,120.0,0.00096705117768628,2.6037090964657348e-05,0.001,-0.9410140867216226
two_RF,A1,25.0,120.20547945205,0.00036762231411058,0.0005899177593219062,0.001,0.22229544521132616
two_RF,A1,25.0,120.41095890411,0.022725984890348,0.021502148700216987,0.001,-1.223836190131014
two_RF,A1,25.0,120.61643835616,0.096683317294852,0.09683429113994918,0.001,0.15097384509718537
two_RF,A1,25.0,120.82191780822,0.18049966462303,0.18036433333906282,0.001,-0.13533128396717164
two_RF,A1,25.0,121.02739726027,0.24210580412714,0.242416125636697,0.001,0.31032150955701
two_RF,A1,25.0,121.23287671233,0.28176565994472,0.28257240587202676,0.001,0.806745927306729
two_RF,A1,25.0,121.43835616438,0.30542226256507,0.30556163803890535,0.001,0.13937547383535698
two_RF,A1,25.0,121.64383561644,0.3151624573119,0.31475229559561924,0.001,-0.4101617162807769
two_RF,A1,25.0,121.84931506849,0.31074418692486,0.31143031599109033,0.001,0.6861290662303343
two_RF,A1,25.0,122.05479452055,0.29376796140095,0.2949963721311014,0.001,1.228410730151397
two_RF,A1,25.0,122.2602739726,0.26517372673007,0.2635234128800192,0.001,-1.6503138500508219
two_RF,A1,25.0,122.46575342466,0.21603166438576,0.2161973510537236,0.001,0.16568666796359932
two_RF,A1,25.0,122.67123287671,0.16117773611791,0.16141390814049247,0.001,0.2361720225824704
two_RF,A1,25.0,122.87671232877,0.12764068676912,0.12677268208464618,0.001,-0.8680046844738165
two_RF,A1,25.0,123.08219178082,0.14450165633526,0.14503854293245302,0.001,0.5368865971930314
two_RF,A1,25.0,123.28767123288,0.22361933388266,0.2240959292774691,0.001,0.4765953948090984
two_RF,A1,25.0,123.49315068493,0.32572816122564,0.32400306152680036,0.001,-1.7250996988396605
two_RF,A1,25.0,123.69863013699,0.40046810395282,0.4015243988142444,0.001,1.0562948614243894
two_RF,A1,25.0,123.90410958904,0.45194300661611,0.451102312395286,0.001,-0.8406942208240009
two_RF,A1,25.0,124.1095890411,0.48240572835028,0.4815672169234255,0.001,-0.8385114268544824
two_RF,A1,25.0,124.31506849315,0.50026766487222,0.5006236652219686,0.001,0.3560003497485864
two_RF,A1,25.0,124.52054794521,0.51208802977325,0.5129653940418362,0.001,0.8773642685862004
two_RF,A1,25.0,124.72602739726,0.52159703122756,0.5212610417039089,0.001,-0.33598952365110346
two_RF,A1,25.0,124.93150684932,0.52745513099574,0.5270348933969382,0.001,-0.4202375988018314
two_RF,A1,25.0,125.13698630137,0.53107994711824,0.531181383703998,0.001,0.10143658575800796
two_RF,A1,25.0,125.34246575342,0.53520270612787,0.5342428504206926,0.001,-0.9598557071773817
two_RF,A1,25.0,125.54794520548,0.53691150228575,0.536559103032995,0.001,-0.35239925275498685
two_RF,A1,25.0,125.75342465753,0.53803158317063,0.5383497092347752,0.001,0.3181260641451633
two_RF,A1,25.0,125.95890410959,0.54101976030119,0.5397605961795225,0.001,-1.2591641216674887
two_RF,A1,25.0,126.16438356164,0.54001349953688,0.5408912572961214,0.001,0.877757759241371
two_RF,A1,25.0,126.3698630137,0.54093567447101,0.5418111116253008,0.001,0.8754371542908368
two_RF,A1,25.0,126.57534246575,0.54252827686402,0.5425696165593084,0.001,0.041339695288300504
two_RF,A1,25.0,126.78082191781,0.54325350905947,0.5432026811244034,0.001,-0.05082793506661076
two_RF,A1,25.0,126.98630136986,0.54345283134677,0.5437368298593379,0.001,0.28399851256788455
two_RF,A1,25.0,127.19178082192,0.54500543590474,0.5441919651313885,0.001,-0.8134707733515878
two_RF,A1,25.0,127.39726027397,0.54435178361422,0.5445832362220832,0.001,0.23145260786316957
two_RF,A1,25.0,127.60273972603,0.54659490039218,0.5449223271724547,0.001,-1.6725732197252485
two_RF,A1,25.0,127.80821917808,0.54594380492938,0.5452183590594785,0.001,-0.7254458699015309
two_RF,A1,25.0,128.01369863014,0.54497191980539,0.5454785319123439,0.001,0.5066121069539076
two_RF,A1,25.0,128.21917808219,0.54526779537314,0.5457085878831436,0.001,0.4407925100036181
two_RF,A1,25.0,128.42465753425,0.5477124534752,0.5459131497767651,0.001,-1.7993036984349509
two_RF,A1,25.0,128.6301369863,0.54443023001548,0.5460959713430616,0.001,1.6657413275816824
two_RF,A1,25.0,128.83561643836,0.54565624466804,0.5462601241148687,0.001,0.6038794468287145
two_RF,A1,25.0,129.04109589041,0.54567780389341,0.5464081377525875,0.001,0.7303338591774233
two_RF,A1,25.0,129.24657534247,0.54804165205678,0.546542105273462,0.001,-1.4995467833179843
two_RF,A1,25.0,129.45205479452,0.54687670194845,0.5466637600699431,0.001,-0.21294187850684487
two_RF,A1,25.0,129.65753424658,0.54469886532717,0.546774526655503,0.001,2.075661328332923
two_RF,A1,25.0,129.86301369863,0.54740207773528,0.5468755380866652,0.001,-0.526539648614821
two_RF,A1,25.0,130.06849315068,0.54610764300759,0.5469675877328702,0.001,0.8599447252802817
two_RF,A1,25.0,130.27397260274,0.54690900967841,0.5470508865766186,0.001,0.14187689820854832
two_RF,A1,25.0,130.47945205479,0.54774768071862,0.5471240028658241,0.001,-0.6236778527959341
two_RF,A1,25.0,130.68493150685,0.54893903602604,0.5471774815174401,0.001,-1.7615545085999385
two_RF,A1,25.0,130.8904109589,0.54621550061726,0.5471064796671459,0.001,0.8909790498858872
two_RF,A1,25.0,131.09589041096,0.54845047989129,0.5466816903158198,0.001,-1.7687895754702199
two_RF,A1,25.0,131.30136986301,0.54792916990936,0.547336222528399,0.001,-0.5929473809610508
two_RF,A1,25.0,131.50684931507,0.54632063392604,0.5474323039146232,0.001,1.1116699885831416
two_RF,A1,25.0,131.71232876712,0.54738086063764,0.5474932447035795,0.001,0.11238406593949701
two_RF,A1,25.0,131.91780821918,0.54672260789096,0.5475441694429636,0.001,0.8215615520035247
two_RF,A1,25.0,132.12328767123,0.54772275887908,0.5475894549377557,0.001,-0.13330394132426981
two_RF,A1,25.0,132.32876712329,0.54782145822327,0.5476302893078707,0.001,-0.19116891539927572
two_RF,A1,25.0,132.53424657534,0.54929082949381,0.5476668891740337,0.001,-1.623940319776307
two_RF,A1,25.0,132.7397260274,0.54792594891107,0.547698833531976,0.001,-0.2271153790940339
two_RF,A1,25.0,132.94520547945,0.54704796832609,0.5477248064379419,0.001,0.6768381118518185
two_RF,A1,25.0,133.15068493151,0.5506834714733,0.5477415831187377,0.001,-2.9418883545623276
two_RF,A1,25.0,133.35616438356,0.5500750379857,0.5477407797668082,0.001,-2.3342582188917715
two_RF,A1,25.0,133.56164383562,0.54682973262031,0.5476962147462339,0.001,0.8664821259238842
two_RF,A1,25.0,133.76712328767,0.54727715355029,0.54749248984255,0.001,0.21533629225989337
two_RF,A1,25.0,133.97260273973,0.54669881462619,0.5460518682142096,0.001,-0.6469464119803758
two_RF,A1,25.0,134.17808219178,0.53569307311336,0.5356606430938492,0.001,-0.03243001951080959
two_RF,A1,25.0,134.38356164384,0.54759501650548,0.5469362658368961,0.001,-0.6587506685838962
two_RF,A1,25.0,134.58904109589,0.54890141583667,0.5476379826988368,0.001,-1.2634331378331698
two_RF,A1,25.0,134.79452054795,0.54832048287789,0.5478176009088815,0.001,-0.5028819690084951
two_RF,A1,25.0,135.0,0.54821902746301,0.547898857296082,0.001,-0.32017016692797995
two_RF,A1,100.0,105.0,0.53907544359987,0.537623416882658,0.001,-1.4520267172120072
two_RF,A1,100.0,105.20547945205,0.53739786010682,0.5366031724148685,0.001,-0.7946876919514567
two_RF,A1,100.0,105.41095890411,0.53455379843675,0.5344170024242499,0.001,-0.13679601250005113
two_RF,A1,100.0,105.61643835616,0.52860310736429,0.5266921341335581,0.001,-1.9109732307318605
two_RF,A1,100.0,105.82191780822,0.43957162040584,0.4394437315295063,0.001,-0.12788887633374824
two_RF,A1,100.0,106.02739726027,0.49352725067962,0.4941093433540709,0.001,0.5820926744509181
two_RF,A1,100.0,106.23287671233,0.52803797503939,0.5281523675279212,0.001,0.11439248853117867
two_RF,A1,100.0,106.43835616438,0.53155471647377,0.5327278530356833,0.001,1.1731365619133127
two_RF,A1,100.0,106.64383561644,0.53452964946022,0.5339029413313053,0.001,-0.6267081289146326
two_RF,A1,100.0,106.84931506849,0.53479401765235,0.5341827224159622,0.001,-0.6112952363878099
two_RF,A1,100.0,107.05479452055,0.53488461069084,0.5341151852816808,0.001,-0.7694254091592523
two_RF,A1,100.0,107.2602739726,0.5339801863887,0.5338747432254521,0.001,-0.10544316324789804
two_RF,A1,100.0,107.46575342466,0.53459696812708,0.5335295659943684,0.001,-1.0674021327116145
two_RF,A1,100.0,107.67123287671,0.53192867310715,0.5331089718699931,0.001,1.1802987628430905
two_RF,A1,100.0,107.87671232877,0.53190331794829,0.5326245423308777,0.001,0.721224382587704
two_RF,A1,100.0,108.08219178082,0.53067663307046,0.532076441393877,0.001,1.3998083234170178
two_RF,A1,100.0,108.28767123288,0.53031626638497,0.5314507389750168,0.001,1.1344725900468422
two_RF,A1,100.0,108.49315068493,0.53081068201479,0.5306955696349384,0.001,-0.11511237985162293
two_RF,A1,100.0,108.69863013699,0.52885884559523,0.5295529320593406,0.001,0.6940864641106215
two_RF,A1,100.0,108.90410958904,0.52473009158861,0.5242286036003558,0.001,-0.5014879882541123
two_RF,A1,100.0,109.1095890411,0.52196687051603,0.5238248750786795,0.001,1.8580045626495068
two_RF,A1,100.0,109.31506849315,0.52582335805746,0.5265682673760782,0.001,0.7449093186181477
two_RF,A1,100.0,109.52054794521,0.5261058107739,0.5256216326454232,0.001,-0.48417812847678654
two_RF,A1,100.0,109.72602739726,0.52629560222054,0.5245729478069833,0.001,-1.722654413556679
two_RF,A1,100.0,109.93150684932,0.52451615875768,0.5242501866673123,0.001,-0.2659720903677165
two_RF,A1,100.0,110.13698630137,0.52306316173358,0.5240253882673384,0.001,0.9622265337583258
two_RF,A1,100.0,110.34246575342,0.52497142286273,0.5234481213087978,0.001,-1.5233015539322103
two_RF,A1,100.0,110.54794520548,0.52262213356046,0.5225868968144515,0.001,-0.035236746008471265
two_RF,A1,100.0,110.75342465753,0.52154227434094,0.521532728585613,0.001,-0.009545755327078354
two_RF,A1,100.0,110.95890410959,0.52047634297354,0.5203370654325917,0.001,-0.13927754094822387
two_RF,A1,100.0,111.16438356164,0.51835271684488,0.519060818699261,0.001,0.7081018543809714
two_RF,A1,100.0,111.3698630137,0.51986977632866,0.5177264892172799,0.001,-2.143287111380121
two_RF,A1,100.0,111.57534246575,0.51521035193411,0.516271721930662,0.001,1.0613699965519308
two_RF,A1,100.0,111.78082191781,0.51460936732666,0.5146733346039415,0.001,0.06396727728152918
two_RF,A1,100.0,111.98630136986,0.51196061923411,0.5129310982510543,0.001,0.9704790169443589
two_RF,A1,100.0,112.19178082192,0.51035602565353,0.5110398733999513,0.001,0.6838477464212733
two_RF,A1,100.0,112.39726027397,0.50816953694881,0.5089887801947904,0.001,0.8192432459804833
two_RF,A1,100.0,112.60273972603,0.50716291842274,0.506762973797211,0.001,-0.3999446255289474
two_RF,A1,100.0,112.80821917808,0.50527794133167,0.5043443955654815,0.001,-0.9335457661885371
two_RF,A1,100.0,113.01369863014,0.50176967366351,0.5017118747893249,0.001,-0.05779887418511098
two_RF,A1,100.0,113.21917808219,0.49949938092625,0.49884090536626635,0.001,-0.6584755599836623
two_RF,A1,100.0,113.42465753425,0.4948249771498,0.49570323014991896,0.001,0.8782530001189559
two_RF,A1,100.0,113.6301369863,0.49369219269005,0.4922662769642853,0.001,-1.4259157257646704
two_RF,A1,100.0,113.83561643836,0.48908768837422,0.4884924525207564,0.001,-0.5952358534636049
two_RF,A1,100.0,114.04109589041,0.48442503186959,0.48433828245733235,0.001,-0.08674941225766952
two_RF,A1,100.0,114.24657534247,0.47888920468448,0.4797533749497645,0.001,0.864170265284514
two_RF,A1,100.0,114.45205479452,0.47508224971046,0.47467917715584595,0.001,-0.4030725546140257
two_RF,A1,100.0,114.65753424658,0.46922855823946,0.4690474868835715,0.001,-0.18107135588851797
two_RF,A1,100.0,114.86301369863,0.46426634147547,0.46277867748509316,0.001,-1.487663990376864
two_RF,A1,100.0,115.06849315068,0.45557803659918,0.4557795954065113,0.001,0.2015588073313035
two_RF,A1,100.0,115.27397260274,0.44771336687967,0.4479411012868135,0.001,0.22773440714352056
two_RF,A1,100.0,115.47945205479,0.44003679767313,0.4391352471350487,0.001,-0.9015505380812749
two_RF,A1,100.0,115.68493150685,0.43023341052949,0.4292121068780799,0.001,-1.021303651410066
two_RF,A1,100.0,115.8904109589,0.41879502417437,0.41799631144332394,0.001,-0.7987127310460362
two_RF,A1,100.0,116.09589041096,0.4049886033342,0.4052834689277448,0.001,0.2948655935448019
two_RF,A1,100.0,116.30136986301,0.3909043021234,0.3908370509783812,0.001,-0.06725114501882068
two_RF,A1,100.0,116.50684931507,0.37650786930517,0.3743869147351989,0.001,-2.1209545699710786
two_RF,A1,100.0,116.71232876712,0.35554366230141,0.3556308786858736,0.001,0.08721638446362867
two_RF,A1,100.0,116.91780821918,0.33324067493225,0.33424186405728196,0.001,1.0011891250319427
two_RF,A1,100.0,117.12328767123,0.30931840269398,0.3098872443869851,0.001,0.5688416930051399
two_RF,A1,100.0,117.32876712329,0.28382122998173,0.2822674584649508,0.001,-1.5537715167791566
two_RF,A1,100.0,117.53424657534,0.2516892740396,0.2511860435714066,0.001,-0.5032304681933941
two_RF,A1,100.0,117.7397260274,0.21454673056871,0.21667008691396053,0.001,2.123356345250543
two_RF,A1,100.0,117.94520547945,0.17969058995015,0.1791553506683987,0.001,-0.5352392817513096
two_RF,A1,100.0,118.15068493151,0.13979042509029,0.13973934130468957,0.001,-0.05108378560042537
two_RF,A1,100.0,118.35616438356,0.098253595097826,0.10044448557067051,0.001,2.190890472844514
two_RF,A1,100.0,118.56164383562,0.063818240017545,0.06430450213112299,0.001,0.48626211357798155
two_RF,A1,100.0,118.76712328767,0.035864999441053,0.03490030514831448,0.001,-0.9646942927385229
two_RF,A1,100.0,118.97260273973,0.013557261420282,0.014986265540056214,0.001,1.4290041197742143
two_RF,A1,100.0,119.17808219178,0.0049484517269118,0.00465850035018117,0.001,-0.2899513767306303
two_RF,A1,100.0,119.38356164384,-0.00035210984811427,0.0009494480415718989,0.001,1.301557889686169
two_RF,A1,100.0,119.58904109589,0.0012615715226894,0.00011452695670653144,0.001,-1.1470445659828685
two_RF,A1,100.0,119.79452054795,-0.0012753156223825,6.564445995686895e-06,0.001,1.281880068378187
two_RF,A1,100.0,120.0,-0.00086046042074633,-0.00017801150665036142,0.001,0.6824489140959686
two_RF,A1,100.0,120.20547945205,0.0009804668054042,-8.615373898719739e-07,0.001,-0.981328342794072
two_RF,A1,100.0,120.41095890411,-0.00059800220835766,6.64058026268454e-06,0.001,0.6046427886203446
two_RF,A1,100.0,120.61643835616,-0.0010544685163497,4.335413975057385e-05,0.001,1.0978226561002737
two_RF,A1,100.0,120.82191780822,-0.00015503957621598,0.00016179316701571409,0.001,0.3168327432316941
two_RF,A1,100.0,121.02739726027,1.7851155354092e-05,0.0004451060826111612,0.001,0.4272549272570692
two_RF,A1,100.0,121.23287671233,0.0008305866921237,0.0009348807693945439,0.001,0.10429407727084392
two_RF,A1,100.0,121.43835616438,0.0013030475825976,0.0015371297972964352,0.001,0.23408221469883514
two_RF,A1,100.0,121.64383561644,0.0026902682338251,0.002060956034960587,0.001,-0.6293121988645128
two_RF,A1,100.0,121.84931506849,0.0026561736948599,0.002331287071243141,0.001,-0.32488662361675885
two_RF,A1,100.0,122.05479452055,0.0011611959206777,0.002301586060258535,0.001,1.1403901395808351
two_RF,A1,100.0,122.2602739726,0.0034659289536474,0.0020812518748402173,0.001,-1.3846770788071825
two_RF,A1,100.0,122.46575342466,0.0018180487770849,0.0018718530620092557,0.001,0.05380428492435577
two_RF,A1,100.0,122.67123287671,0.0020749296917308,0.001906469239223881,0.001,-0.1684604525069189
two_RF,A1,100.0,122.87671232877,0.0029328686913014,0.00253622238341212,0.001,-0.3966463078892801
two_RF,A1,100.0,123.08219178082,0.0054413689452848,0.004645342276239434,0.001,-0.796026669045366
two_RF,A1,100.0,123.28767123288,0.0094710872279554,0.01051617419230222,0.001,1.04508696434682
two_RF,A1,100.0,123.49315068493,0.025708554978771,0.024405092530301622,0.001,-1.303462448469378
two_RF,A1,100.0,123.69863013699,0.050993045311459,0.05067551684551346,0.001,-0.3175284659455366
two_RF,A1,100.0,123.90410958904,0.088437109054844,0.08989928102594749,0.001,1.4621719711034875
two_RF,A1,100.0,124.1095890411,0.13766729426277,0.13779186280468805,0.001,0.12456854191805755
two_RF,A1,100.0,124.31506849315,0.18769777272311,0.18819925065634938,0.001,0.5014779332393748
two_RF,A1,100.0,124.52054794521,0.23657756875125,0.23620735589104444,0.001,-0.37021286020555433
two_RF,A1,100.0,124.72602739726,0.27918648216891,0.27914013077039307,0.001,-0.0463513985169417
two_RF,A1,100.0,124.93150684932,0.31586250243538,0.31612638425841816,0.001,0.263881823038159
two_RF,A1,100.0,125.13698630137,0.34612228056354,0.3473439669734237,0.001,1.2216864098836822
two_RF,A1,100.0,125.34246575342,0.37455509921952,0.37343950159638634,0.001,-1.1155976231336795
two_RF,A1,100.0,125.54794520548,0.39602324692293,0.39519158479248556,0.001,-0.8316621304444438
two_RF,A1,100.0,125.75342465753,0.41245696476678,0.4133481772950291,0.001,0.8912125282490857
two_RF,A1,100.0,125.95890410959,0.42918871003525,0.4285631685862392,0.001,-0.6255414490107802
two_RF,A1,100.0,126.16438356164,0.44127295309508,0.4413821029436942,0.001,0.109149848614154
two_RF,A1,100.0,126.3698630137,0.45254788812856,0.45224923945764256,0.001,-0.2986486709174452
two_RF,A1,100.0,126.57534246575,0.46084780138975,0.46152202755821115,0.001,0.6742261684611339
two_RF,A1,100.0,126.78082191781,0.46968544729444,0.4694866516970812,0.001,-0.19879559735880292
two_RF,A1,100.0,126.98630136986,0.47692773888696,0.47637209390107377,0.001,-0.5556449858862278
two_RF,A1,100.0,127.19178082192,0.48249896113521,0.4823619405533911,0.001,-0.13702058181891408
two_RF,A1,100.0,127.39726027397,0.48839502977533,0.48760392696535887,0.001,-0.7911028099711337
two_RF,A1,100.0,127.60273972603,0.48995006890282,0.49221749960264927,0.001,2.267430699829265
two_RF,A1,100.0,127.80821917808,0.49584838723246,0.4962997457797649,0.001,0.4513585473048809
two_RF,A1,100.0,128.01369863014,0.49995319628255,0.4999300215844312,0.001,-0.023174698118855197
two_RF,A1,100.0,128.21917808219,0.50271221992183,0.5031735593821096,0.001,0.46133946027959727
two_RF,A1,100.0,128.42465753425,0.50485847530103,0.5060842819779232,0.001,1.225806676893204
two_RF,A1,100.0,128.6301369863,0.5088756288546,0.5087070011514722,0.001,-0.168627703127866
two_RF,A1,100.0,128.83561643836,0.51274160204461,0.51107913639112,0.001,-1.6624656534899307
two_RF,A1,100.0,129.04109589041,0.5133580517817,0.5132320542640526,0.001,-0.12599751764741374
two_RF,A1,100.0,129.24657534247,0.51600826379187,0.5151920965690638,0.001,-0.8161672228061967
two_RF,A1,100.0,129.45205479452,0.5162834663826,0.5169813287392524,0.001,0.6978623566523678
two_RF,A1,100.0,129.65753424658,0.51987862356701,0.5186179792882056,0.001,-1.260644278804346
two_RF,A1,100.0,129.86301369863,0.52062441345523,0.520116394700589,0.001,-0.5080187546410153
two_RF,A1,100.0,130.06849315068,0.51937437185892,0.5214858667149196,0.001,2.111494855999596
two_RF,A1,100.0,130.27397260274,0.52395940679089,0.522725792128642,0.001,-1.2336146622480282
two_RF,A1,100.0,130.47945205479,0.52248341884391,0.5238043142596309,0.001,1.3208954157208908
two_RF,A1,100.0,130.68493150685,0.52410662507029,0.5245185279483564,0.001,0.4119028780663614
two_RF,A1,100.0,130.8904109589,0.52113541830687,0.522081236260481,0.001,0.9458179536109279
two_RF,A1,100.0,131.09589041096,0.52274755962642,0.521283287486635,0.001,-1.464272139785061
two_RF,A1,100.0,131.30136986301,0.52809465077645,0.5272165573309722,0.001,-0.8780934454778455
two_RF,A1,100.0,131.50684931507,0.52992578969784,0.5285318004988794,0.001,-1.3939891989606101
two_RF,A1,100.0,131.71232876712,0.52949887143643,0.5294366904672382,0.001,-0.06218096919186067
two_RF,A1,100.0,131.91780821918,0.5298717506542,0.5302067950766776,0.001,0.3350444224775595
two_RF,A1,100.0,132.12328767123,0.53039293112366,0.5308956089069687,0.001,0.5026777833087026
two_RF,A1,100.0,132.32876712329,0.53422361460362,0.5315178761236018,0.001,-2.705738480018205
two_RF,A1,100.0,132.53424657534,0.53151506898461,0.5320751819747337,0.001,0.5601129901237067
two_RF,A1,100.0,132.7397260274,0.53192349310632,0.5325592580322998,0.001,0.6357649259797205
two_RF,A1,100.0,132.94520547945,0.53226491202247,0.5329467693423292,0.001,0.6818573198592581
two_RF,A1,100.0,133.15068493151,0.53297637788966,0.5331809929221468,0.001,0.20461503248681012
two_RF,A1,100.0,133.35616438356,0.53296514458597,0.533112456797657,0.001,0.1473122116869563
two_RF,A1,100.0,133.56164383562,0.5335151341063,0.5322605754484854,0.001,-1.2545586578146528
two_RF,A1,100.0,133.76712328767,0.52698686190604,0.5283886455420009,0.001,1.4017836359608848
two_RF,A1,100.0,133.97260273973,0.49915338191496,0.49804347471840005,0.001,-1.109907196559956
two_RF,A1,100.0,134.17808219178,0.42722306134459,0.42711318099560347,0.001,-0.109880348986513
two_RF,A1,100.0,134.38356164384,0.52219466579441,0.523447052763072,0.001,1.2523869686620337
two_RF,A1,100.0,134.58904109589,0.53187042853872,0.5320793330059835,0.001,0.20890446726351541
two_RF,A1,100.0,134.79452054795,0.53591123353777,0.5345459636779097,0.001,-1.3652698598602964
two_RF,A1,100.0,135.0,0.53469459150133,0.5357261096219913,0.001,1.0315181206612678
two_RF,G2,25.0,105.0,0.59284884998006,0.5938007618824097,0.001,0.9519119023496669
two_RF,G2,25.0,105.20547945205,0.59422221281986,0.5937389671810841,0.001,-0.48324563877588655
two_RF,G2,25.0,105.41095890411,0.59344358495765,0.5935963232851109,0.001,0.15273832746087734
two_RF,G2,25.0,105.61643835616,0.59235835280195,0.5924602763775048,0.001,0.10192357555471876
two_RF,G2,25.0,105.82191780822,0.59433327601271,0.5922430821580883,0.001,-2.0901938546217247
two_RF,G2,25.0,106.02739726027,0.59046062959684,0.5895036807314437,0.001,-0.9569488653963232
two_RF,G2,25.0,106.23287671233,0.59052647150911,0.5899794149168819,0.001,-0.5470565922280901
two_RF,G2,25.0,106.43835616438,0.59475877997989,0.5930648154816007,0.001,-1.693964498289291
two_RF,G2,25.0,106.64383561644,0.59219736333889,0.5933692148309855,0.001,1.1718514920955325
two_RF,G2,25.0,106.84931506849,0.59206912884266,0.5934322062877826,0.001,1.3630774451225403
two_RF,G2,25.0,107.05479452055,0.5941399252422,0.5934335135446758,0.001,-0.7064116975242785
two_RF,G2,25.0,107.2602739726,0.59365021937511,0.5934083189061565,0.001,-0.24190046895344874
two_RF,G2,25.0,107.46575342466,0.59312545831012,0.593365806397426,0.001,0.2403480873059971
two_RF,G2,25.0,107.67123287671,0.59326342855453,0.593309710900978,0.001,0.04628234644799001
two_RF,G2,25.0,107.87671232877,0.59368380578738,0.5932517897639028,0.001,-0.4320160234771997
two_RF,G2,25.0,108.08219178082,0.59390332480127,0.5932024360392038,0.001,-0.7008887620661985
two_RF,G2,25.0,108.28767123288,0.59337373573174,0.5931587440308008,0.001,-0.2149917009391933
two_RF,G2,25.0,108.49315068493,0.59394285890982,0.5931348872229695,0.001,-0.8079716868505393
two_RF,G2,25.0,108.69863013699,0.5930005997012,0.5931101262693173,0.001,0.10952656811724637
two_RF,G2,25.0,108.90410958904,0.59350587250006,0.5930667237527855,0.001,-0.43914874727457587
two_RF,G2,25.0,109.1095890411,0.59483191945785,0.5930089468862813,0.001,-1.822972571568715
two_RF,G2,25.0,109.31506849315,0.59333895609392,0.5929415367941612,0.001,-0.3974192997587833
two_RF,G2,25.0,109.52054794521,0.59303833261339,0.5928665510919333,0.001,-0.17178152145669312
two_RF,G2,25.0,109.72602739726,0.59320631711313,0.5927846162008216,0.001,-0.42170091230842033
two_RF,G2,25.0,109.93150684932,0.59173094848438,0.5926956961569183,0.001,0.9647476725382909
two_RF,G2,25.0,110.13698630137,0.59344111719922,0.5925994151733807,0.001,-0.8417020258393304
two_RF,G2,25.0,110.34246575342,0.59250972947005,0.5924951861916281,0.001,-0.01454327842187464
two_RF,G2,25.0,110.54794520548,0.59303186750337,0.5923822591914216,0.001,-0.6496083119483798
two_RF,G2,25.0,110.75342465753,0.59141356233683,0.5922597339065439,0.001,0.8461715697138938
two_RF,G2,25.0,110.95890410959,0.59286599355633,0.5921265545546567,0.001,-0.739439001673281
two_RF,G2,25.0,111.16438356164,0.59317829256024,0.5919814935115889,0.001,-1.1967990486511093
two_RF,G2,25.0,111.3698630137,0.59124852669605,0.5918231264278925,0.001,0.5745997318424845
two_RF,G2,25.0,111.57534246575,0.59214651500567,0.5916497991579288,0.001,-0.496715847741136
two_RF,G2,25.0,111.78082191781,0.59016795699919,0.5914595857099552,0.001,1.291628710765158
two_RF,G2,25.0,111.98630136986,0.59012827553801,0.5912502355296295,0.001,1.12195999161957
two_RF,G2,25.0,112.19178082192,0.59048093810482,0.5910191076136423,0.001,0.5381695088222394
two_RF,G2,25.0,112.39726027397,0.59143938486077,0.5907630879588811,0.001,-0.676296901888862
two_RF,G2,25.0,112.60273972603,0.59219900735963,0.5904784856444691,0.001,-1.7205217151609054
two_RF,G2,25.0,112.80821917808,0.59033834122791,0.5901609011767468,0.001,-0.17744005116315797
two_RF,G2,25.0,113.01369863014,0.59080809392275,0.5898050584843553,0.001,-1.0030354383947504
two_RF,G2,25.0,113.21917808219,0.5884598092462,0.5894045887850012,0.001,0.9447795388012326
two_RF,G2,25.0,113.42465753425,0.58893702452877,0.5889517500995435,0.001,0.014725570773532759
two_RF,G2,25.0,113.6301369863,0.58752954956552,0.5884370597998891,0.001,0.907510234369191
two_RF,G2,25.0,113.83561643836,0.58803856016347,0.5878488083065085,0.001,-0.18975185696146202
two_RF,G2,25.0,114.04109589041,0.5865981228931,0.5871724084175509,0.001,0.5742855244509348
two_RF,G2,25.0,114.24657534247,0.58564572392792,0.5863895143734509,0.001,0.7437904455308564
two_RF,G2,25.0,114.45205479452,0.58661721294354,0.5854768138737512,0.001,-1.1403990697888
two_RF,G2,25.0,114.65753424658,0.58339660524155,0.5844043486078774,0.001,1.0077433663273627
two_RF,G2,25.0,114.86301369863,0.58291998195302,0.5831331440235421,0.001,0.21316207052213265
two_RF,G2,25.0,115.06849315068,0.58127604702717,0.5816118092486907,0.001,0.3357622215207634
two_RF,G2,25.0,115.27397260274,0.57871429920327,0.5797715721534437,0.001,1.05727295017366
two_RF,G2,25.0,115.47945205479,0.5783977211087,0.5775188869110589,0.001,-0.8788341976411207
two_RF,G2,25.0,115.68493150685,0.57598788021813,0.5747241899783418,0.001,-1.2636902397881178
two_RF,G2,25.0,115.8904109589,0.56877476175673,0.5712043929644771,0.001,2.429631207747085
two_RF,G2,25.0,116.09589041096,0.56539422656924,0.5666949153314552,0.001,1.3006887622152297
two_RF,G2,25.0,116.30136986301,0.56166812573323,0.5608037368089126,0.001,-0.8643889243173941
two_RF,G2,25.0,116.50684931507,0.55405118821135,0.5529335840959824,0.001,-1.1176041153676541
two_RF,G2,25.0,116.71232876712,0.54203238759239,0.5421458541151342,0.001,0.11346652274413227
two_RF,G2,25.0,116.91780821918,0.52609506081269,0.5269148877971571,0.001,0.8198269844671424
two_RF,G2,25.0,117.12328767123,0.50454467273273,0.5046719955810279,0.001,0.1273228482979727
two_RF,G2,25.0,117.32876712329,0.47157759828551,0.4709522448606621,0.001,-0.6253534248478743
two_RF,G2,25.0,117.53424657534,0.41922915873297,0.4178881120818338,0.001,-1.341046651136213
two_RF,G2,25.0,117.7397260274,0.33288878990898,0.3324064869420784,0.001,-0.48230296690160435
two_RF,G2,25.0,117.94520547945,0.20047277688174,0.2004460222508153,0.001,-0.02675463092471908
two_RF,G2,25.0,118.15068493151,0.049752726745752,0.05096496414467487,0.001,1.2122373989228719
two_RF,G2,25.0,118.35616438356,0.0006866366091053,0.0005908192394795844,0.001,-0.09581736962571555
two_RF,G2,25.0,118.56164383562,0.00097264865969017,0.0016066336418589346,0.001,0.6339849821687645
two_RF,G2,25.0,118.76712328767,0.0035891644987066,0.0044390434901524336,0.001,0.8498789914458335
two_RF,G2,25.0,118.97260273973,0.053618726579536,0.052926608512793565,0.001,-0.6921180667424365
two_RF,G2,25.0,119.17808219178,0.13152610990909,0.1308849754881855,0.001,-0.6411344209044934
two_RF,G2,25.0,119.38356164384,0.1924140582964,0.19246500308730083,0.001,0.05094479090084203
two_RF,G2,25.0,119.58904109589,0.22706220990774,0.2272232600144922,0.001,0.16105010675218634
two_RF,G2,25.0,119.79452054795,0.23598562849339,0.23680711445044572,0.001,0.8214859570557231
two_RF,G2,25.0,120.0,0.22186296461785,0.22324152640580908,0.001,1.3785617879590872
two_RF,G2,25.0,120.20547945205,0.18931307037437,0.18920063861574926,0.001,-0.11243175862074573
two_RF,G2,25.0,120.41095890411,0.14732133046627,0.14615992427568295,0.001,-1.1614061905870499
two_RF,G2,25.0,120.61643835616,0.1260437980948,0.12594780189442314,0.001,-0.09599620037686885
two_RF,G2,25.0,120.82191780822,0.16997281681014,0.17036921155728169,0.001,0.3963947471416762
two_RF,G2,25.0,121.02739726027,0.27886136254764,0.27794822949884,0.001,-0.9131330487999745
two_RF,G2,25.0,121.23287671233,0.38464413931437,0.38587080424657294,0.001,1.2266649322029144
two_RF,G2,25.0,121.43835616438,0.46058851529309,0.46002610382726394,0.001,-0.5624114658260293
two_RF,G2,25.0,121.64383561644,0.50577925040621,0.5052641263272396,0.001,-0.5151240789703637
two_RF,G2,25.0,121.84931506849,0.53465148019458,0.5326627824472099,0.001,-1.988697747370094
two_RF,G2,25.0,122.05479452055,0.54936328936493,0.5497710825392719,0.001,0.4077931743419194
two_RF,G2,25.0,122.2602739726,0.56215562948925,0.5608893001088051,0.001,-1.2663293804449083
two_RF,G2,25.0,122.46575342466,0.56859181083624,0.5684066907861167,0.001,-0.18512005012327748
two_RF,G2,25.0,122.67123287671,0.57285966632551,0.5736769143514245,0.001,0.8172480259145409
two_RF,G2,25.0,122.87671232877,0.57837627649798,0.5774924600577751,0.001,-0.8838164402048543
two_RF,G2,25.0,123.08219178082,0.58094126876278,0.5803339895222236,0.001,-0.6072792405563687
two_RF,G2,25.0,123.28767123288,0.58102936135927,0.582503159219497,0.001,1.4737978602270552
two_RF,G2,25.0,123.49315068493,0.58427612198884,0.5841953666111301,0.001,-0.08075537770990682
two_RF,G2,25.0,123.69863013699,0.58525115494746,0.5855408786567544,0.001,0.289723709294365
two_RF,G2,25.0,123.90410958904,0.58698324116992,0.5866288352342873,0.001,-0.354405935632629
two_RF,G2,25.0,124.1095890411,0.58777847789031,0.5875216878076758,0.001,-0.2567900826342395
two_RF,G2,25.0,124.31506849315,0.58747423709496,0.58826413240486,0.001,0.789895309899924
two_RF,G2,25.0,124.52054794521,0.58790485185402,0.5888887814566518,0.001,0.9839296026318278
two_RF,G2,25.0,124.72602739726,0.58879521779875,0.5894198517946322,0.001,0.6246339958821956
two_RF,G2,25.0,124.93150684932,0.58956243573725,0.5898756156354014,0.001,0.31317989815138336
two_RF,G2,25.0,125.13698630137,0.59029654942858,0.5902700624542981,0.001,-0.026486974281869635
two_RF,G2,25.0,125.34246575342,0.59279398963418,0.590614046769407,0.001,-2.1799428647729657
two_RF,G2,25.0,125.54794520548,0.58999560120919,0.5909160944382224,0.001,0.9204932290323153
two_RF,G2,25.0,125.75342465753,0.58977726243855,0.591182978018604,0.001,1.405715580053979
two_RF,G2,25.0,125.95890410959,0.59211916226133,0.5914201333110908,0.001,-0.6990289502392111
two_RF,G2,25.0,126.16438356164,0.59183427508517,0.5916319650040712,0.001,-0.20231008109872217
two_RF,G2,25.0,126.3698630137,0.59277910891285,0.5918220737322477,0.001,-0.9570351806023059
two_RF,G2,25.0,126.57534246575,0.59227200536894,0.5919934266946455,0.001,-0.2785786742944829
two_RF,G2,25.0,126.78082191781,0.59087184810648,0.5921484872098827,0.001,1.2766391034026991
two_RF,G2,25.0,126.98630136986,0.59189881175439,0.5922893140170691,0.001,0.3905022626791155
two_RF,G2,25.0,127.19178082192,0.59109253097072,0.5924176380008584,0.001,1.3251070301384393
two_RF,G2,25.0,127.39726027397,0.59370209230276,0.5925349218445929,0.001,-1.167170458167166
two_RF,G2,25.0,127.60273972603,0.59194925840407,0.5926424065454068,0.001,0.6931481413368079
two_RF,G2,25.0,127.80821917808,0.59429092537462,0.5927411475919407,0.001,-1.5497777826792847
two_RF,G2,25.0,128.01369863014,0.59273532941678,0.5928320426944195,0.001,0.096713277639493
two_RF,G2,25.0,128.21917808219,0.59431665325976,0.5929158521576303,0.001,-1.4008011021297007
two_RF,G2,25.0,128.42465753425,0.59258176150542,0.5929932121402335,0.001,0.41145063481351496
two_RF,G2,25.0,128.6301369863,0.59192276936952,0.5930646398384839,0.001,1.141870468963857
two_RF,G2,25.0,128.83561643836,0.59262500526202,0.593130527615558,0.001,0.5055223535379572
two_RF,G2,25.0,129.04109589041,0.5929608690803,0.5931911189839356,0.001,0.23024990363562647
two_RF,G2,25.0,129.24657534247,0.5904435955525,0.5932464500580301,0.001,2.8028545055300835
two_RF,G2,25.0,129.45205479452,0.59566914976757,0.5932962168900201,0.001,-2.372932877549916
two_RF,G2,25.0,129.65753424658,0.59424523261147,0.5933394643742279,0.001,-0.9057682372420883
two_RF,G2,25.0,129.86301369863,0.59377151675847,0.5933737866644578,0.001,-0.39773009401211645
two_RF,G2,25.0,130.06849315068,0.59083802175455,0.5933929520882077,0.001,2.5549303336577234
two_RF,G2,25.0,130.27397260274,0.59216259409681,0.5933781304070481,0.001,1.2155363102380745
two_RF,G2,25.0,130.47945205479,0.5937677155342,0.5932517661967809,0.001,-0.5159493374191637
two_RF,G2,25.0,130.68493150685,0.59257752301008,0.592389361042723,0.001,-0.18816196735704782
two_RF,G2,25.0,130.8904109589,0.57446427044966,0.5754707680135189,0.001,1.0064975638589546
two_RF,G2,25.0,131.09589041096,0.59181514685865,0.5922135296474076,0.001,0.3983827887575897
two_RF,G2,25.0,131.30136986301,0.58818725544935,0.5882164293303362,0.001,0.029173880986221867
two_RF,G2,25.0,131.50684931507,0.59135131598056,0.5932594202825738,0.001,1.9081043020138244
two_RF,G2,25.0,131.71232876712,0.59400460655893,0.5935618944746526,0.001,-0.44271208427737463
two_RF,G2,25.0,131.91780821918,0.59320775861061,0.5936572998969081,0.001,0.4495412862980386
two_RF,G2,25.0,132.12328767123,0.593069881449,0.593708943199699,0.001,0.6390617506990548
two_RF,G2,25.0,132.32876712329,0.59262711304739,0.5937416427242711,0.001,1.114529676881082
two_RF,G2,25.0,132.53424657534,0.59329224451049,0.5937611258457923,0.001,0.468881335302318
two_RF,G2,25.0,132.7397260274,0.59299970786837,0.5937690108559037,0.001,0.7693029875337487
two_RF,G2,25.0,132.94520547945,0.5943641809016,0.5937755036416488,0.001,-0.5886772599512646
two_RF,G2,25.0,133.15068493151,0.59431618944652,0.5938045739056008,0.001,-0.5116155409191636
two_RF,G2,25.0,133.35616438356,0.5932950460477,0.5938446783710905,0.001,0.5496323233904477
two_RF,G2,25.0,133.56164383562,0.59344376241593,0.5938848026801289,0.001,0.44104026419888864
two_RF,G2,25.0,133.76712328767,0.59427969662377,0.5939299816091569,0.001,-0.3497150146131167
two_RF,G2,25.0,133.97260273973,0.59379038213755,0.5939670372968451,0.001,0.17665515929510267
two_RF,G2,25.0,134.17808219178,0.59497090966646,0.5939944496069814,0.001,-0.976460059478601
two_RF,G2,25.0,134.38356164384,0.59424305073548,0.5940162188842523,0.001,-0.22683185122773786
two_RF,G2,25.0,134.58904109589,0.594547668732,0.5940348700076994,0.001,-0.512798724300656
two_RF,G2,25.0,134.79452054795,0.59364995664143,0.5940516289179607,0.001,0.4016722765306513
two_RF,G2,25.0,135.0,0.59356099939351,0.5940671000799398,0.001,0.5061006864297557
two_RF,G2,100.0,105.0,0.58226994807117,0.5819776838178703,0.001,-0.2922642532997566
two_RF,G2,100.0,105.20547945205,0.58041550056389,0.5810812607476017,0.001,0.6657601837116722
two_RF,G2,100.0,105.41095890411,0.57851915388424,0.5791804610982506,0.001,0.6613072140105869
two_RF,G2,100.0,105.61643835616,0.56800299902439,0.5680427452660423,0.001,0.03974624165226093
two_RF,G2,100.0,105.82191780822,0.55062043994467,0.5511305175642913,0.001,0.5100776196212964
two_RF,G2,100.0,106.02739726027,0.53830647698143,0.5387810085434392,0.001,0.4745315620092727
two_RF,G2,100.0,106.23287671233,0.49477780644968,0.49526236483346936,0.001,0.48455838378935745
two_RF,G2,100.0,106.43835616438,0.56870402613763,0.5687671184007711,0.001,0.06309226314105132
two_RF,G2,100.0,106.64383561644,0.57547829361174,0.5748241831695751,0.001,-0.6541104421649013
two_RF,G2,100.0,106.84931506849,0.57628592320722,0.5760612936332329,0.001,-0.22462957398716732
two_RF,G2,100.0,107.05479452055,0.57624671399431,0.5761722492557038,0.001,-0.07446473860628355
two_RF,G2,100.0,107.2602739726,0.57621856897545,0.5758295713503189,0.001,-0.3889976251311156
two_RF,G2,100.0,107.46575342466,0.57692283894155,0.575207366926649,0.001,-1.715472014901076
two_RF,G2,100.0,107.67123287671,0.57360188048928,0.5743649862868213,0.001,0.7631057975413524
two_RF,G2,100.0,107.87671232877,0.57448918991178,0.5734594413108149,0.001,-1.0297486009650525
two_RF,G2,100.0,108.08219178082,0.57247398444547,0.5726877458875556,0.001,0.21376144208551384
two_RF,G2,100.0,108.28767123288,0.57098367707932,0.5719917834462227,0.001,1.008106366902739
two_RF,G2,100.0,108.49315068493,0.57070015593242,0.5715851066819424,0.001,0.8849507495224396
two_RF,G2,100.0,108.69863013699,0.5706534545387,0.5712383053138159,0.001,0.5848507751159415
two_RF,G2,100.0,108.90410958904,0.56941882446202,0.5706148945370019,0.001,1.196070074981903
two_RF,G2,100.0,109.1095890411,0.56930095811732,0.5697581371169789,0.001,0.45717899965891373
two_RF,G2,100.0,109.31506849315,0.56717151915079,0.5687478967219693,0.001,1.5763775711793437
two_RF,G2,100.0,109.52054794521,0.56755727997306,0.5676213939387836,0.001,0.06411396572358896
two_RF,G2,100.0,109.72602739726,0.56709929061343,0.5663912845079103,0.001,-0.7080061055196873
two_RF,G2,100.0,109.93150684932,0.56562442462535,0.5650589456277036,0.001,-0.5654789976463626
two_RF,G2,100.0,110.13698630137,0.56367071819421,0.5636201940624167,0.001,-0.050524131793294735
two_RF,G2,100.0,110.34246575342,0.56156300101589,0.562067602567693,0.001,0.5046015518029856
two_RF,G2,100.0,110.54794520548,0.56045941085416,0.560391418770141,0.001,-0.06799208401897516
two_RF,G2,100.0,110.75342465753,0.55875271983169,0.5585798813945494,0.001,-0.17283843714055447
two_RF,G2,100.0,110.95890410959,0.55747260819647,0.5566192490984466,0.001,-0.8533590980234207
two_RF,G2,100.0,111.16438356164,0.55596499428879,0.5544936704189054,0.001,-1.4713238698845776
two_RF,G2,100.0,111.3698630137,0.55098718409473,0.5521849469214365,0.001,1.1977628267064722
two_RF,G2,100.0,111.57534246575,0.54749004899108,0.549672207698887,0.001,2.182158707807025
two_RF,G2,100.0,111.78082191781,0.54775762606286,0.5469314963015961,0.001,-0.8261297612639495
two_RF,G2,100.0,111.98630136986,0.5436399393749,0.5439352609573402,0.001,0.29532158244027773
two_RF,G2,100.0,112.19178082192,0.54136753767609,0.540651731541528,0.001,-0.7158061345620137
two_RF,G2,100.0,112.39726027397,0.53585192697135,0.5370441609344246,0.001,1.1922339630746626
two_RF,G2,100.0,112.60273972603,0.53266354431809,0.533069904204916,0.001,0.4063598868259133
two_RF,G2,100.0,112.80821917808,0.53029075372822,0.5286793069649148,0.001,-1.6114467633051577
two_RF,G2,100.0,113.01369863014,0.52418419850467,0.5238143732312674,0.001,-0.36982527340256866
two_RF,G2,100.0,113.21917808219,0.51760779688638,0.5184071782487361,0.001,0.799381362356022
two_RF,G2,100.0,113.42465753425,0.51458375112936,0.512377971953005,0.001,-2.205779176354894
two_RF,G2,100.0,113.6301369863,0.50634045490406,0.5056328740119432,0.001,-0.7075808921167548
two_RF,G2,100.0,113.83561643836,0.49828766135213,0.49806100787394403,0.001,-0.22665347818595638
two_RF,G2,100.0,114.04109589041,0.48985257229082,0.4895309400709926,0.001,-0.32163221982739465
two_RF,G2,100.0,114.24657534247,0.48028331919169,0.4798864997676611,0.001,-0.3968194240288603
two_RF,G2,100.0,114.45205479452,0.47021198911287,0.4689423552934022,0.001,-1.2696338194677637
two_RF,G2,100.0,114.65753424658,0.45740015042141,0.4564794780863413,0.001,-0.9206723350687063
two_RF,G2,100.0,114.86301369863,0.44266772765619,0.44223952164562513,0.001,-0.42820601056486884
two_RF,G2,100.0,115.06849315068,0.4257822550605,0.42591807211507077,0.001,0.13581705457077486
two_RF,G2,100.0,115.27397260274,0.40717349362034,0.40716233249020495,0.001,-0.011161130135051156
two_RF,G2,100.0,115.47945205479,0.38514153673142,0.38557538003535097,0.001,0.4338433039309808
two_RF,G2,100.0,115.68493150685,0.35939434977885,0.3607200586738876,0.001,1.3257088950376361
two_RF,G2,100.0,115.8904109589,0.33180615798025,0.33215347921269855,0.001,0.34732123244857194
two_RF,G2,100.0,116.09589041096,0.29864926247439,0.2994842295673444,0.001,0.8349670929543862
two_RF,G2,100.0,116.30136986301,0.26210816837259,0.2624912097499998,0.001,0.3830413774097985
two_RF,G2,100.0,116.50684931507,0.22318646378281,0.2213170939306644,0.001,-1.8693698521456137
two_RF,G2,100.0,116.71232876712,0.17505511384489,0.17678705238903936,0.001,1.7319385441493529
two_RF,G2,100.0,116.91780821918,0.12981325326727,0.1308037946577279,0.001,0.9905413904578997
two_RF,G2,100.0,117.12328767123,0.08608857366043,0.08667286944594867,0.001,0.5842957855186626
two_RF,G2,100.0,117.32876712329,0.050044244864274,0.04891649138011085,0.001,-1.1277534841631491
two_RF,G2,100.0,117.53424657534,0.022509984217894,0.02186427197360388,0.001,-0.6457122442901225
two_RF,G2,100.0,117.7397260274,0.0061404595417494,0.007022072655248855,0.001,0.8816131134994554
two_RF,G2,100.0,117.94520547945,0.0019359660090302,0.0014867501261074528,0.001,-0.4492158829227473
two_RF,G2,100.0,118.15068493151,-4.9762680856404e-05,-5.256110608721403e-06,0.001,0.04450657024768259
two_RF,G2,100.0,118.35616438356,-0.00045983228178751,0.00018466065086445991,0.001,0.6444929326519699
two_RF,G2,100.0,118.56164383562,0.00019003258334555,-0.0002039955073066217,0.001,-0.3940280906521717
two_RF,G2,100.0,118.76712328767,-0.00046823023472926,0.0002576598268357923,0.001,0.7258900615650523
two_RF,G2,100.0,118.97260273973,0.0017556208151845,0.00012874665906157024,0.001,-1.6268741561229298
two_RF,G2,100.0,119.17808219178,-0.0012205336153918,7.026263212668162e-05,0.001,1.2907962475184818
two_RF,G2,100.0,119.38356164384,5.7369633670188e-05,0.00023097605736216835,0.001,0.17360642369198034
two_RF,G2,100.0,119.58904109589,0.00033159527161462,0.0004280435154363748,0.001,0.09644824382175479
two_RF,G2,100.0,119.79452054795,0.00032461433300156,0.000668035638764085,0.001,0.343421305762525
two_RF,G2,100.0,120.0,0.002343785800556,0.0008999914384364828,0.001,-1.4437943621195173
two_RF,G2,100.0,120.20547945205,0.00070444117389391,0.001162812262456025,0.001,0.45837108856211506
two_RF,G2,100.0,120.41095890411,0.00020034161580353,0.0016581006035397289,0.001,1.4577589877361987
two_RF,G2,100.0,120.61643835616,0.0036155336462335,0.0029473823773676026,0.001,-0.6681512688658975
two_RF,G2,100.0,120.82191780822,0.0070843672396083,0.006582866113689867,0.001,-0.5015011259184324
two_RF,G2,100.0,121.02739726027,0.014258226134431,0.016216785472446413,0.001,1.958559338015413
two_RF,G2,100.0,121.23287671233,0.037369089668958,0.03739110479348128,0.001,0.022015124523280805
two_RF,G2,100.0,121.43835616438,0.072577102795393,0.07367083860511621,0.001,1.0937358097232035
two_RF,G2,100.0,121.64383561644,0.12273067927007,0.1227361454540003,0.001,0.005466183930297186
two_RF,G2,100.0,121.84931506849,0.17870318758641,0.17789258872517613,0.001,-0.8105988612338577
two_RF,G2,100.0,122.05479452055,0.2318342240552,0.23245939121735879,0.001,0.6251671621587962
two_RF,G2,100.0,122.2602739726,0.28204307217326,0.28222815046483934,0.001,0.18507829157932143
two_RF,G2,100.0,122.46575342466,0.32436562053115,0.3254752682611155,0.001,1.1096477299655239
two_RF,G2,100.0,122.67123287671,0.36211329840199,0.36206616930102803,0.001,-0.04712910096199563
two_RF,G2,100.0,122.87671232877,0.39401244619733,0.392630872534235,0.001,-1.3815736630949926
two_RF,G2,100.0,123.08219178082,0.41805755260962,0.41805363948486884,0.001,-0.003913124751175889
two_RF,G2,100.0,123.28767123288,0.43837372616368,0.4392192880653438,0.001,0.8455619016638494
two_RF,G2,100.0,123.49315068493,0.45654366122021,0.4569110536898994,0.001,0.3673924696894204
two_RF,G2,100.0,123.69863013699,0.47086871096153,0.4717836688054314,0.001,0.9149578439013872
two_RF,G2,100.0,123.90410958904,0.48632843548574,0.4843689033545177,0.001,-1.9595321312222969
two_RF,G2,100.0,124.1095890411,0.49502174958562,0.4950926029120054,0.001,0.07085332638540054
two_RF,G2,100.0,124.31506849315,0.50607284302791,0.50429384615785,0.001,-1.7789968700600012
two_RF,G2,100.0,124.52054794521,0.51061040493196,0.5122424571749166,0.001,1.6320522429565942
two_RF,G2,100.0,124.72602739726,0.51910401406066,0.5191536898559097,0.001,0.04967579524972621
two_RF,G2,100.0,124.93150684932,0.52406385792141,0.5252000192727878,0.001,1.1361613513778401
two_RF,G2,100.0,125.13698630137,0.5312249831498,0.5305203990032347,0.001,-0.704584146565379
two_RF,G2,100.0,125.34246575342,0.53536026593586,0.5352274503920577,0.001,-0.13281554380228933
two_RF,G2,100.0,125.54794520548,0.53856577303881,0.5394130238586843,0.001,0.8472508198742457
two_RF,G2,100.0,125.75342465753,0.54459980076543,0.5431525017980415,0.001,-1.4472989673884884
two_RF,G2,100.0,125.95890410959,0.54563321008085,0.5465081364719796,0.001,0.8749263911296268
two_RF,G2,100.0,126.16438356164,0.55002444668481,0.5495316493402826,0.001,-0.49279734452734036
two_RF,G2,100.0,126.3698630137,0.55324013121287,0.5522662643535444,0.001,-0.9738668593255451
two_RF,G2,100.0,126.57534246575,0.55400267599251,0.5547483059434073,0.001,0.7456299508973308
two_RF,G2,100.0,126.78082191781,0.55776246728485,0.557008460691663,0.001,-0.7540065931870288
two_RF,G2,100.0,126.98630136986,0.55891942210106,0.5590727776391284,0.001,0.1533555380683893
two_RF,G2,100.0,127.19178082192,0.56097320823265,0.5609634639557004,0.001,-0.0097442769495526
two_RF,G2,100.0,127.39726027397,0.56393753709107,0.562699518736578,0.001,-1.2380183544919987
two_RF,G2,100.0,127.60273972603,0.56431353628253,0.5642972366803789,0.001,-0.016299602151104153
two_RF,G2,100.0,127.80821917808,0.56611466476222,0.5657706043700104,0.001,-0.34406039220968854
two_RF,G2,100.0,128.01369863014,0.56683246478285,0.5671316036961154,0.001,0.29913891326538433
two_RF,G2,100.0,128.21917808219,0.56679257981449,0.5683904283364282,0.001,1.5978485219381167
two_RF,G2,100.0,128.42465753425,0.56991334286423,0.5695556079818673,0.001,-0.35773488236268136
two_RF,G2,100.0,128.6301369863,0.57218519465272,0.5706340170809784,0.001,-1.5511775717416132
two_RF,G2,100.0,128.83561643836,0.57109858846035,0.5716307112816505,0.001,0.5321228213005513
two_RF,G2,100.0,129.04109589041,0.57225652616593,0.5725484640209502,0.001,0.29193785502013014
two_RF,G2,100.0,129.24657534247,0.57210773260411,0.573386711974927,0.001,1.2789793708170016
two_RF,G2,100.0,129.45205479452,0.57501978378491,0.5741392014383895,0.001,-0.8805823465205531
two_RF,G2,100.0,129.65753424658,0.57585041783732,0.5747884459502405,0.001,-1.0619718870795714
two_RF,G2,100.0,129.86301369863,0.57621287757751,0.5752912686105817,0.001,-0.9216089669283889
two_RF,G2,100.0,130.06849315068,0.57540051802461,0.5755348041873223,0.001,0.13428616271227156
two_RF,G2,100.0,130.27397260274,0.577570816744,0.5751677915493006,0.001,-2.403025194699371
two_RF,G2,100.0,130.47945205479,0.57356712413646,0.5726554836091365,0.001,-0.9116405273235095
two_RF,G2,100.0,130.68493150685,0.55394514250012,0.5538338353771463,0.001,-0.11130712297369172
two_RF,G2,100.0,130.8904109589,0.42372090531052,0.42300967393624134,0.001,-0.7112313742786425
two_RF,G2,100.0,131.09589041096,0.55875015548373,0.5594454246855686,0.001,0.6952692018385997
two_RF,G2,100.0,131.30136986301,0.52029640768093,0.5218234627386551,0.001,1.5270550577251019
two_RF,G2,100.0,131.50684931507,0.57492548423774,0.5746813484236144,0.001,-0.24413581412563445
two_RF,G2,100.0,131.71232876712,0.57727130700086,0.5784292713607498,0.001,1.157964359889796
two_RF,G2,100.0,131.91780821918,0.58067535179796,0.5797689048394765,0.001,-0.90644695848352
two_RF,G2,100.0,132.12328767123,0.57923987230293,0.5805224276509497,0.001,1.2825553480197982
two_RF,G2,100.0,132.32876712329,0.57971846095797,0.5810019543663505,0.001,1.2834934083805205
two_RF,G2,100.0,132.53424657534,0.58201455972906,0.5812792330508507,0.001,-0.7353266782093026
two_RF,G2,100.0,132.7397260274,0.58041590648037,0.5813837297281561,0.001,0.9678232477861037
two_RF,G2,100.0,132.94520547945,0.58108495781297,0.5815182276382508,0.001,0.43326982528080205
two_RF,G2,100.0,133.15068493151,0.58358327897613,0.5820285081989822,0.001,-1.5547707771478292
two_RF,G2,100.0,133.35616438356,0.58019188932385,0.5826506420854906,0.001,2.458752761640537
two_RF,G2,100.0,133.56164383562,0.58375168101403,0.5832953428721388,0.001,-0.45633814189116606
two_RF,G2,100.0,133.76712328767,0.58424665682408,0.5839981276755705,0.001,-0.24852914850947982
two_RF,G2,100.0,133.97260273973,0.58473449904121,0.584556460107046,0.001,-0.1780389341640154
two_RF,G2,100.0,134.17808219178,0.58487429257169,0.5849722566295054,0.001,0.09796405781536954
two_RF,G2,100.0,134.38356164384,0.5855008003502,0.5853067554070224,0.001,-0.19404494317765142
two_RF,G2,100.0,134.58904109589,0.58516836494741,0.5855958997600225,0.001,0.4275348126124845
two_RF,G2,100.0,134.79452054795,0.58574402584341,0.5858570770282485,0.001,0.11305118483850851
two_RF,G2,100.0,135.0,0.58668972803649,0.5860989414438924,0.001,-0.5907865925975919
two_RF,S3,25.0,105.0,0.50491929993012,0.5059190767765602,0.001,0.999776846440259
two_RF,S3,25.0,105.20547945205,0.50592256251954,0.5058990291543675,0.001,-0.02353336517257887
two_RF,S3,25.0,105.41095890411,0.50512894357483,0.5058767653904669,0.001,0.7478218156369287
two_RF,S3,25.0,105.61643835616,0.50550169154317,0.5058508853156078,0.001,0.3491937724378058
two_RF,S3,25.0,105.82191780822,0.5046588279194,0.5058188319568921,0.001,1.1600040374921683
two_RF,S3,25.0,106.02739726027,0.50481314307331,0.5057784640343793,0.001,0.9653209610692715
two_RF,S3,25.0,106.23287671233,0.50620566943456,0.5057352962757473,0.001,-0.47037315881270914
two_RF,S3,25.0,106.43835616438,0.50551239649119,0.505693144388852,0.001,0.18074789766209243
two_RF,S3,25.0,106.64383561644,0.5058908490841,0.5056519167069096,0.001,-0.23893237719041505
two_RF,S3,25.0,106.84931506849,0.5056731344438,0.5056317748183798,0.001,-0.04135962542017868
two_RF,S3,25.0,107.05479452055,0.50640556104433,0.5056234929519811,0.001,-0.7820680923489309
two_RF,S3,25.0,107.2602739726,0.50610810724158,0.5056086095193904,0.001,-0.4994977221896013
two_RF,S3,25.0,107.46575342466,0.50428874989288,0.5055840163830009,0.001,1.2952664901209054
two_RF,S3,25.0,107.67123287671,0.50506390896146,0.5055500223854577,0.001,0.486113423997625
two_RF,S3,25.0,107.87671232877,0.5048698921543,0.5055047373268196,0.001,0.6348451725195492
two_RF,S3,25.0,108.08219178082,0.50465077194323,0.505440430908091,0.001,0.7896589648609398
two_RF,S3,25.0,108.28767123288,0.50631086065757,0.5053287864003101,0.001,-0.982074257259935
two_RF,S3,25.0,108.49315068493,0.50363037787524,0.5049961562601082,0.001,1.365778384868177
two_RF,S3,25.0,108.69863013699,0.50290682968209,0.5019159295782537,0.001,-0.9909001038362897
two_RF,S3,25.0,108.90410958904,0.50499422714623,0.5037812343257906,0.001,-1.212992820439407
two_RF,S3,25.0,109.1095890411,0.49462840938919,0.4939550443181021,0.001,-0.6733650710878947
two_RF,S3,25.0,109.31506849315,0.50360075904471,0.5039569509685108,0.001,0.3561919238007638
two_RF,S3,25.0,109.52054794521,0.5033743995736,0.5049153877669912,0.001,1.5409881933912128
two_RF,S3,25.0,109.72602739726,0.50479149432845,0.5050621817615871,0.001,0.27068743313707344
two_RF,S3,25.0,109.93150684932,0.50448380799359,0.5050780713416437,0.001,0.5942633480536808
two_RF,S3,25.0,110.13698630137,0.50472042476304,0.5050532475805326,0.001,0.332822817492584
two_RF,S3,25.0,110.34246575342,0.50549748901221,0.5050100116675699,0.001,-0.4874773446401637
two_RF,S3,25.0,110.54794520548,0.50436862854205,0.5049558093133449,0.001,0.5871807712949373
two_RF,S3,25.0,110.75342465753,0.50649383774638,0.5048935265604783,0.001,-1.6003111859017594
two_RF,S3,25.0,110.95890410959,0.50469995988984,0.5048243063161024,0.001,0.12434642626246717
two_RF,S3,25.0,111.16438356164,0.50588624694494,0.5047485028511025,0.001,-1.1377440938374894
two_RF,S3,25.0,111.3698630137,0.50594638668806,0.5046660547701207,0.001,-1.2803319179393036
two_RF,S3,25.0,111.57534246575,0.50559750964642,0.5045766442991935,0.001,-1.0208653472265627
two_RF,S3,25.0,111.78082191781,0.50571789139745,0.5044797672710091,0.001,-1.238124126440976
two_RF,S3,25.0,111.98630136986,0.50456137829972,0.5043747611819702,0.001,-0.18661711774980994
two_RF,S3,25.0,112.19178082192,0.5038322552486,0.5042608109248242,0.001,0.4285556762242404
two_RF,S3,25.0,112.39726027397,0.50463505029111,0.5041369406496902,0.001,-0.4981096414198305
two_RF,S3,25.0,112.60273972603,0.50354061959671,0.504001995211582,0.001,0.46137561487191725
two_RF,S3,25.0,112.80821917808,0.50469336848529,0.503854612152513,0.001,-0.8387563327769687
two_RF,S3,25.0,113.01369863014,0.50307163677543,0.5036931836622691,0.001,0.6215468868391305
two_RF,S3,25.0,113.21917808219,0.50411528057889,0.5035158067774079,0.001,-0.5994738014820644
two_RF,S3,25.0,113.42465753425,0.50290296037483,0.5033202189761524,0.001,0.4172586013224677
two_RF,S3,25.0,113.6301369863,0.50248107822999,0.5031037149551388,0.001,0.6226367251488396
two_RF,S3,25.0,113.83561643836,0.50316654462571,0.5028630386439743,0.001,-0.30350598173567445
two_RF,S3,25.0,114.04109589041,0.50190023971153,0.5025942420662792,0.001,0.6940023547492569
two_RF,S3,25.0,114.24657534247,0.50169590627588,0.5022924991900928,0.001,0.5965929142127679
two_RF,S3,25.0,114.45205479452,0.5049209986724,0.501951857840862,0.001,-2.9691408315379864
two_RF,S3,25.0,114.65753424658,0.5013679902169,0.501564905232828,0.001,0.19691501592800087
two_RF,S3,25.0,114.86301369863,0.50209901014846,0.5011223113154147,0.001,-0.9766988330452975
two_RF,S3,25.0,115.06849315068,0.50013945426897,0.5006121967241199,0.001,0.47274245514994373
two_RF,S3,25.0,115.27397260274,0.50166658509192,0.5000192449085341,0.001,-1.6473401833858592
two_RF,S3,25.0,115.47945205479,0.50145220689917,0.49932343475399016,0.001,-2.128772145179869
two_RF,S3,25.0,115.68493150685,0.49890594983952,0.4984981997637207,0.001,-0.4077500757993513
two_RF,S3,25.0,115.8904109589,0.4976054061075,0.497507703472347,0.001,-0.09770263515296307
two_RF,S3,25.0,116.09589041096,0.49598130056151,0.4963027233215781,0.001,0.3214227600680797
two_RF,S3,25.0,116.30136986301,0.49441824165127,0.49481429226296436,0.001,0.39605061169434297
two_RF,S3,25.0,116.50684931507,0.49121468794505,0.4929436360000852,0.001,1.728948055035151
two_RF,S3,25.0,116.71232876712,0.49008268654528,0.4905458248183792,0.001,0.4631382730992395
two_RF,S3,25.0,116.91780821918,0.48699289011303,0.4874024553353875,0.001,0.4095652223575219
two_RF,S3,25.0,117.12328767123,0.4825860332081,0.48317462309829073,0.001,0.5885898901907272
two_RF,S3,25.0,117.32876712329,0.47811758871836,0.47731948484183584,0.001,-0.798103876524181
two_RF,S3,25.0,117.53424657534,0.46873024678587,0.4689380409206317,0.001,0.20779413476168518
two_RF,S3,25.0,117.7397260274,0.45558276142357,0.45649226921089825,0.001,0.9095077873282342
two_RF,S3,25.0,117.94520547945,0.43516054632327,0.43728463640477117,0.001,2.124090081501162
two_RF,S3,25.0,118.15068493151,0.40587470025518,0.406591600611864,0.001,0.7169003566839804
two_RF,S3,25.0,118.35616438356,0.35656724979253,0.3568311055482235,0.001,0.2638557556934873
two_RF,S3,25.0,118.56164383562,0.28083761451322,0.2801645480818742,0.001,-0.6730664313457924
two_RF,S3,25.0,118.76712328767,0.18638526552672,0.1854988154552981,0.001,-0.886450071421907
two_RF,S3,25.0,118.97260273973,0.1174817759243,0.11920954808270329,0.001,1.7277721584032928
two_RF,S3,25.0,119.17808219178,0.11303205048001,0.11419660055896455,0.001,1.1645500789545515
two_RF,S3,25.0,119.38356164384,0.15009624850519,0.1489463793967207,0.001,-1.149869108469287
two_RF,S3,25.0,119.58904109589,0.18980486422881,0.18936373129705283,0.001,-0.4411329317571544
two_RF,S3,25.0,119.79452054795,0.21735293403478,0.21736430163426262,0.001,0.011367599482614565
two_RF,S3,25.0,120.0,0.22717392575927,0.22882841812314209,0.001,1.6544923638720788
two_RF,S3,25.0,120.20547945205,0.22414398382043,0.22366261318400169,0.001,-0.4813706364283077
two_RF,S3,25.0,120.41095890411,0.20396766089961,0.2012087387780358,0.001,-2.758922121574192
two_RF,S3,25.0,120.61643835616,0.16074387284904,0.15957822095647378,0.001,-1.1656518925662052
two_RF,S3,25.0,120.82191780822,0.099314243852056,0.09876429029235545,0.001,-0.5499535597005556
two_RF,S3,25.0,121.02739726027,0.033621638148345,0.03307446741516417,0.001,-0.5471707331808281
two_RF,S3,25.0,121.23287671233,0.002014869624514,0.00166486782161983,0.001,-0.35000180289416993
two_RF,S3,25.0,121.43835616438,-0.0010805753812262,0.0004105675465288133,0.001,1.4911429277550132
two_RF,S3,25.0,121.64383561644,0.00079732857980935,9.585128823644642e-05,0.001,-0.7014772915729035
two_RF,S3,25.0,121.84931506849,0.020595595830169,0.02237768187603616,0.001,1.7820860458671595
two_RF,S3,25.0,122.05479452055,0.12502918645778,0.12381584718117795,0.001,-1.2133392766020406
two_RF,S3,25.0,122.2602739726,0.23570261470576,0.23550355414975252,0.001,-0.19906055600749095
two_RF,S3,25.0,122.46575342466,0.3168067406808,0.3163209152090577,0.001,-0.48582547174230717
two_RF,S3,25.0,122.67123287671,0.36981725956086,0.36972331584292045,0.001,-0.09394371793952638
two_RF,S3,25.0,122.87671232877,0.40392785014172,0.4050326926685698,0.001,1.1048425268497808
two_RF,S3,25.0,123.08219178082,0.42692144786404,0.42897709984567745,0.001,2.0556519816374297
two_RF,S3,25.0,123.28767123288,0.44519854172535,0.4457137999108217,0.001,0.515258185471712
two_RF,S3,25.0,123.49315068493,0.4580765990563,0.4577596495392819,0.001,-0.3169495170181058
two_RF,S3,25.0,123.69863013699,0.46813485822115,0.4666622234814946,0.001,-1.4726347396553652
two_RF,S3,25.0,123.90410958904,0.47404308587422,0.47339813344735315,0.001,-0.6449524268668516
two_RF,S3,25.0,124.1095890411,0.4777340233808,0.47860120266695616,0.001,0.86717928615615
two_RF,S3,25.0,124.31506849315,0.48245832246607,0.4826940934095142,0.001,0.23577094344418015
two_RF,S3,25.0,124.52054794521,0.48492484823999,0.48596584513967395,0.001,1.0409968996839547
two_RF,S3,25.0,124.72602739726,0.48871347419477,0.48861871676353785,0.001,-0.09475743123216196
two_RF,S3,25.0,124.93150684932,0.49014767171161,0.4907972240917665,0.001,0.6495523801565151
two_RF,S3,25.0,125.13698630137,0.49168665382805,0.4926065929145379,0.001,0.9199390864879087
two_RF,S3,25.0,125.34246575342,0.49358900102458,0.49412476246288123,0.001,0.5357614383012521
two_RF,S3,25.0,125.54794520548,0.49517226311056,0.4954103641756037,0.001,0.23810106504368322
two_RF,S3,25.0,125.75342465753,0.49680478600952,0.496508132074269,0.001,-0.29665393525096784
two_RF,S3,25.0,125.95890410959,0.49887063002593,0.4974526394894178,0.001,-1.4179905365122036
two_RF,S3,25.0,126.16438356164,0.49633303329343,0.4982709238378514,0.001,1.9378905444213945
two_RF,S3,25.0,126.3698630137,0.49823795420512,0.49898435925308793,0.001,0.746405047967913
two_RF,S3,25.0,126.57534246575,0.50077339620077,0.4996100119212901,0.001,-1.1633842794798732
two_RF,S3,25.0,126.78082191781,0.49929207244576,0.5001616341237852,0.001,0.8695616780252102
two_RF,S3,25.0,126.98630136986,0.50012546733218,0.5006504022991147,0.001,0.5249349669347314
two_RF,S3,25.0,127.19178082192,0.50052238427429,0.5010854713320819,0.001,0.5630870577919556
two_RF,S3,25.0,127.39726027397,0.50073719568662,0.5014743952458657,0.001,0.7371995592456715
two_RF,S3,25.0,127.60273972603,0.50061082494841,0.5018234496489731,0.001,1.2126247005630475
two_RF,S3,25.0,127.80821917808,0.50234623724844,0.502137881146099,0.001,-0.20835610234093416
two_RF,S3,25.0,128.01369863014,0.50222360725769,0.5024221018738366,0.001,0.19849461614662722
two_RF,S3,25.0,128.21917808219,0.50388487152837,0.5026798423994574,0.001,-1.205029128912627
two_RF,S3,25.0,128.42465753425,0.50212253088343,0.5029142726922742,0.001,0.7917418088442263
two_RF,S3,25.0,128.6301369863,0.50337832725371,0.5031280983316005,0.001,-0.25022892210946335
two_RF,S3,25.0,128.83561643836,0.50398366314406,0.5033236372304061,0.001,-0.6600259136538833
two_RF,S3,25.0,129.04109589041,0.50386024824695,0.5035028806730196,0.001,-0.357367573930345
two_RF,S3,25.0,129.24657534247,0.50403747217065,0.5036675412055251,0.001,-0.3699309651248317
two_RF,S3,25.0,129.45205479452,0.50366561911105,0.5038190886240317,0.001,0.15346951298167433
two_RF,S3,25.0,129.65753424658,0.50570698243175,0.5039587735278191,0.001,-1.7482089039309034
two_RF,S3,25.0,129.86301369863,0.50414318538475,0.5040876348031388,0.001,-0.05555058161121895
two_RF,S3,25.0,130.06849315068,0.50532393028695,0.5042064807593195,0.001,-1.1174495276304874
two_RF,S3,25.0,130.27397260274,0.50466338204923,0.5043158181034483,0.001,-0.3475639457817259
two_RF,S3,25.0,130.47945205479,0.50475329281562,0.504415665565995,0.001,-0.33762724962493884
two_RF,S3,25.0,130.68493150685,0.50503014971814,0.504505112274293,0.001,-0.5250374438470207
two_RF,S3,25.0,130.8904109589,0.5045504631376,0.5045814866752991,0.001,0.031023537699126358
two_RF,S3,25.0,131.09589041096,0.50478428309429,0.5046406716663835,0.001,-0.14361142790653147
two_RF,S3,25.0,131.30136986301,0.50306158087907,0.5046882619678448,0.001,1.6266810887747285
two_RF,S3,25.0,131.50684931507,0.50417094777518,0.5047493608916485,0.001,0.5784131164684458
two_RF,S3,25.0,131.71232876712,0.50441216035939,0.50482166032443,0.001,0.4094999650400277
two_RF,S3,25.0,131.91780821918,0.50395509720761,0.5048950124860773,0.001,0.9399152784672626
two_RF,S3,25.0,132.12328767123,0.504988699559,0.5049695221461714,0.001,-0.019177412828641494
two_RF,S3,25.0,132.32876712329,0.50488418870378,0.5050359597103675,0.001,0.15177100658747555
two_RF,S3,25.0,132.53424657534,0.50446325822941,0.505090794735094,0.001,0.6275365056840343
two_RF,S3,25.0,132.7397260274,0.50376370458714,0.5051333524782248,0.001,1.3696478910847354
two_RF,S3,25.0,132.94520547945,0.50591257346346,0.5051600793015096,0.001,-0.7524941619503345
two_RF,S3,25.0,133.15068493151,0.50514512825551,0.5051589988660634,0.001,0.013870610553468055
two_RF,S3,25.0,133.35616438356,0.5062509581803,0.5050892659398487,0.001,-1.161692240451262
two_RF,S3,25.0,133.56164383562,0.50410095571326,0.5047513879101682,0.001,0.6504321969081905
two_RF,S3,25.0,133.76712328767,0.50042962226983,0.5017712457386597,0.001,1.3416234688297113
two_RF,S3,25.0,133.97260273973,0.50315915691274,0.5012327676159977,0.001,-1.9263892967423812
two_RF,S3,25.0,134.17808219178,0.5054100790703,0.5039057015125509,0.001,-1.5043775577491258
two_RF,S3,25.0,134.38356164384,0.50289633164352,0.5042239840493219,0.001,1.3276524058019046
two_RF,S3,25.0,134.58904109589,0.50522474958293,0.5053412772869831,0.001,0.11652770405312651
two_RF,S3,25.0,134.79452054795,0.50564853337435,0.5055107329576359,0.001,-0.1378004167140734
two_RF,S3,25.0,135.0,0.50594137998226,0.5055862836003217,0.001,-0.3550963819383135
two_RF,S3,100.0,105.0,0.49540432268105,0.49594622947899675,0.001,0.5419067979467451
two_RF,S3,100.0,105.20547945205,0.49621034505901,0.4956356665423666,0.001,-0.5746785166433899
two_RF,S3,100.0,105.41095890411,0.49472380069251,0.49529261743981395,0.001,0.5688167473039685
two_RF,S3,100.0,105.61643835616,0.49384242438854,0.4948972619200712,0.001,1.0548375315312386
two_RF,S3,100.0,105.82191780822,0.49458781926592,0.49441246735750016,0.001,-0.17535190841982962
two_RF,S3,100.0,106.02739726027,0.49303087631725,0.49379918737411155,0.001,0.768311056861537
two_RF,S3,100.0,106.23287671233,0.49243321386074,0.4931232242910876,0.001,0.6900104303476096
two_RF,S3,100.0,106.43835616438,0.49277406161153,0.49247091054988484,0.001,-0.30315106164513494
two_RF,S3,100.0,106.64383561644,0.49081503907467,0.49181047179839554,0.001,0.9954327237255423
two_RF,S3,100.0,106.84931506849,0.49093806150231,0.49144066130191744,0.001,0.5025997996074283
two_RF,S3,100.0,107.05479452055,0.49131845864745,0.4913078130247355,0.001,-0.010645622714522407
two_RF,S3,100.0,107.2602739726,0.49267608645586,0.49109753983868454,0.001,-1.5785466171754359
two_RF,S3,100.0,107.46575342466,0.48828319025915,0.49073700463902303,0.001,2.4538143798730205
two_RF,S3,100.0,107.67123287671,0.49086930550489,0.49023124042634386,0.001,-0.638065078546135
two_RF,S3,100.0,107.87671232877,0.48987574222767,0.4895586413581122,0.001,-0.3171008695577737
two_RF,S3,100.0,108.08219178082,0.48736163196993,0.48861921030423816,0.001,1.2575783343081737
two_RF,S3,100.0,108.28767123288,0.48776372656076,0.48705688993751606,0.001,-0.7068366232439449
two_RF,S3,100.0,108.49315068493,0.48163618733924,0.4829330854763042,0.001,1.296898137064184
two_RF,S3,100.0,108.69863013699,0.44651487449107,0.4457936202472185,0.001,-0.721254243851499
two_RF,S3,100.0,108.90410958904,0.46590135830884,0.46548268289014844,0.001,-0.4186754186915609
two_RF,S3,100.0,109.1095890411,0.36704248931264,0.36760599820821416,0.001,0.5635088955741607
two_RF,S3,100.0,109.31506849315,0.45964896324937,0.4595575899845861,0.001,-0.0913732647838672
two_RF,S3,100.0,109.52054794521,0.48099285469856,0.4796334394058458,0.001,-1.3594152927142167
two_RF,S3,100.0,109.72602739726,0.48467377418002,0.48250545223635277,0.001,-2.1683219436672285
two_RF,S3,100.0,109.93150684932,0.48363119512381,0.48290927627738983,0.001,-0.7219188464201443
two_RF,S3,100.0,110.13698630137,0.48315414412479,0.4825940540254127,0.001,-0.5600900993772973
two_RF,S3,100.0,110.34246575342,0.48236066639003,0.4819692678794095,0.001,-0.3913985106204776
two_RF,S3,100.0,110.54794520548,0.48145288490503,0.48116794054773165,0.001,-0.28494435729836676
two_RF,S3,100.0,110.75342465753,0.48048841091819,0.48024131128681086,0.001,-0.24709963137914404
two_RF,S3,100.0,110.95890410959,0.47939295422222,0.4792102268269472,0.001,-0.18272739527280812
two_RF,S3,100.0,111.16438356164,0.47766225795447,0.47808215924256164,0.001,0.41990128809166194
two_RF,S3,100.0,111.3698630137,0.47758296359126,0.4768577669480704,0.001,-0.7251966431895962
two_RF,S3,100.0,111.57534246575,0.47498373921483,0.475533693316086,0.001,0.5499541012560227
two_RF,S3,100.0,111.78082191781,0.47423584778431,0.47410382487971475,0.001,-0.13202290459524146
two_RF,S3,100.0,111.98630136986,0.47365761959292,0.4725598453450106,0.001,-1.097774247909411
two_RF,S3,100.0,112.19178082192,0.46953783113519,0.4708914307573881,0.001,1.3535996221981095
two_RF,S3,100.0,112.39726027397,0.47024501326253,0.46908623748296413,0.001,-1.158775779565857
two_RF,S3,100.0,112.60273972603,0.46741839915177,0.46712975069646495,0.001,-0.2886484553050739
two_RF,S3,100.0,112.80821917808,0.46774419043675,0.4650050210526101,0.001,-2.7391693841398723
two_RF,S3,100.0,113.01369863014,0.46230407137608,0.46269229580178267,0.001,0.3882244257026879
two_RF,S3,100.0,113.21917808219,0.46040050112751,0.4601685372063723,0.001,-0.23196392113772335
two_RF,S3,100.0,113.42465753425,0.45796467298422,0.45740681080010226,0.001,-0.5578621841177411
two_RF,S3,100.0,113.6301369863,0.45565732692576,0.4543755163479488,0.001,-1.2818105778111821
two_RF,S3,100.0,113.83561643836,0.45025348033059,0.45103742374221917,0.001,0.7839434116291844
two_RF,S3,100.0,114.04109589041,0.44738688186638,0.4473484633936332,0.001,-0.03841847274677068
two_RF,S3,100.0,114.24657534247,0.44303629156743,0.4432562049334114,0.001,0.21991336598137234
two_RF,S3,100.0,114.45205479452,0.43722505719886,0.438697938298226,0.001,1.4728810993659969
two_RF,S3,100.0,114.65753424658,0.43397344493777,0.43359824669158725,0.001,-0.3751982461827619
two_RF,S3,100.0,114.86301369863,0.42653173249499,0.42786593130483486,0.001,1.3341988098448665
two_RF,S3,100.0,115.06849315068,0.4217896271456,0.42139011406084703,0.001,-0.3995130847529449
two_RF,S3,100.0,115.27397260274,0.41383256733055,0.41403531143760175,0.001,0.2027441070517333
two_RF,S3,100.0,115.47945205479,0.4063749607254,0.4056352511741941,0.001,-0.7397095512059471
two_RF,S3,100.0,115.68493150685,0.39552836684686,0.39598522112206264,0.001,0.456854275202645
two_RF,S3,100.0,115.8904109589,0.38410540371666,0.38483285391562194,0.001,0.7274501989619209
two_RF,S3,100.0,116.09589041096,0.37037404338485,0.3718675839804278,0.001,1.4935405955777692
two_RF,S3,100.0,116.30136986301,0.35598679544326,0.35670981044569294,0.001,0.7230150024329363
two_RF,S3,100.0,116.50684931507,0.34000237433399,0.3389025398040637,0.001,-1.0998345299262913
two_RF,S3,100.0,116.71232876712,0.31602528266419,0.3179118500245538,0.001,1.8865673603638
two_RF,S3,100.0,116.91780821918,0.29248048975645,0.2931493877303531,0.001,0.6688979739030709
two_RF,S3,100.0,117.12328767123,0.26494585619644,0.2640422178722434,0.001,-0.9036383241965984
two_RF,S3,100.0,117.32876712329,0.23002677168559,0.23019339937731723,0.001,0.16662769172723357
two_RF,S3,100.0,117.53424657534,0.19241336361191,0.19169331626631672,0.001,-0.7200473455932777
two_RF,S3,100.0,117.7397260274,0.15019346570449,0.14962278051211625,0.001,-0.5706851923737433
two_RF,S3,100.0,117.94520547945,0.10827479466581,0.10664271342884193,0.001,-1.6320812369680637
two_RF,S3,100.0,118.15068493151,0.067011416680066,0.06717239343941102,0.001,0.16097675934502453
two_RF,S3,100.0,118.35616438356,0.037199838878656,0.03621581173268979,0.001,-0.9840271459662098
two_RF,S3,100.0,118.56164383562,0.017277329115746,0.016571750965518228,0.001,-0.705578150227773
two_RF,S3,100.0,118.76712328767,0.0071462620622284,0.006801386143048914,0.001,-0.3448759191794857
two_RF,S3,100.0,118.97260273973,0.003364099548159,0.0028891183956116875,0.001,-0.47498115254731266
two_RF,S3,100.0,119.17808219178,0.00056902224730472,0.0015038731993425732,0.001,0.9348509520378533
two_RF,S3,100.0,119.38356164384,0.0015176926834923,0.0010234622130261177,0.001,-0.4942304704661823
two_RF,S3,100.0,119.58904109589,0.0020001938706817,0.0008398191190859817,0.001,-1.160374751595718
two_RF,S3,100.0,119.79452054795,0.001192043273567,0.0007186079558926505,0.001,-0.4734353176743495
two_RF,S3,100.0,120.0,0.0014237787885389,0.0005641677775902293,0.001,-0.8596110109486708
two_RF,S3,100.0,120.20547945205,0.00042811516619788,0.0003711418359147017,0.001,-0.05697333028317834
two_RF,S3,100.0,120.41095890411,-0.00090237817861516,0.0001890974996051488,0.001,1.0914756782203088
two_RF,S3,100.0,120.61643835616,0.00089623599390328,7.571313195218012e-05,0.001,-0.8205228619510998
two_RF,S3,100.0,120.82191780822,0.00051662683022508,1.6250700368218575e-05,0.001,-0.5003761298568614
two_RF,S3,100.0,121.02739726027,0.00010530170177244,2.7659347031398745e-05,0.001,-0.07764235474104125
two_RF,S3,100.0,121.23287671233,0.0011718626473081,7.105869857363238e-05,0.001,-1.1008039487344674
two_RF,S3,100.0,121.43835616438,-0.00074894199914406,-3.383464930350727e-05,0.001,0.7151073498405527
two_RF,S3,100.0,121.64383561644,-4.9938153647304e-05,2.9260628913975183e-05,0.001,0.07919878256127919
two_RF,S3,100.0,121.84931506849,-0.00042061397388015,-3.020461507416896e-05,0.001,0.39040935880598104
two_RF,S3,100.0,122.05479452055,0.00014313345918584,0.00023072269350369516,0.001,0.08758923431785516
two_RF,S3,100.0,122.2602739726,0.0011027836843124,0.0014922447159614013,0.001,0.38946103164900137
two_RF,S3,100.0,122.46575342466,0.0053378750920775,0.006212691823913792,0.001,0.8748167318362917
two_RF,S3,100.0,122.67123287671,0.018295303147915,0.017442514736054255,0.001,-0.8527884118607436
two_RF,S3,100.0,122.87671232877,0.037194643201932,0.03674183850247883,0.001,-0.4528046994531701
two_RF,S3,100.0,123.08219178082,0.063166956165676,0.06322437407838154,0.001,0.0574179127055402
two_RF,S3,100.0,123.28767123288,0.095554038751409,0.09446864857558626,0.001,-1.085390175822737
two_RF,S3,100.0,123.49315068493,0.12802256620112,0.1278010899162202,0.001,-0.22147628489982418
two_RF,S3,100.0,123.69863013699,0.16065411492054,0.16106888538691536,0.001,0.41477046637536374
two_RF,S3,100.0,123.90410958904,0.19167634945937,0.19284240616234954,0.001,1.1660567029795343
two_RF,S3,100.0,124.1095890411,0.22216802586195,0.22232319653586308,0.001,0.15517067391307426
two_RF,S3,100.0,124.31506849315,0.24929592369111,0.24916789463640643,0.001,-0.12802905470357673
two_RF,S3,100.0,124.52054794521,0.27196736883713,0.2733226449008853,0.001,1.3552760637552952
two_RF,S3,100.0,124.72602739726,0.29333906142795,0.2949002495011728,0.001,1.5611880732227523
two_RF,S3,100.0,124.93150684932,0.31444754740854,0.31409802602287723,0.001,-0.34952138566274327
two_RF,S3,100.0,125.13698630137,0.3310468229107,0.33114759641628233,0.001,0.10077350558235221
two_RF,S3,100.0,125.34246575342,0.34579272513309,0.34628475373175177,0.001,0.4920285986617645
two_RF,S3,100.0,125.54794520548,0.35947868768617,0.35973403703379936,0.001,0.25534934762938555
two_RF,S3,100.0,125.75342465753,0.3709824141125,0.37170119189895323,0.001,0.7187777864532396
two_RF,S3,100.0,125.95890410959,0.38490461288148,0.38237023164791045,0.001,-2.534381233569527
two_RF,S3,100.0,126.16438356164,0.39195798296388,0.3919033540446874,0.001,-0.054628919192611924
two_RF,S3,100.0,126.3698630137,0.40126914846681,0.4004422939992986,0.001,-0.8268544675114065
two_RF,S3,100.0,126.57534246575,0.40686527156826,0.4081102457128106,0.001,1.2449741445506035
two_RF,S3,100.0,126.78082191781,0.41428884025145,0.41501394912383793,0.001,0.725108872387914
two_RF,S3,100.0,126.98630136986,0.42378047652278,0.42124574800621395,0.001,-2.534728516566054
two_RF,S3,100.0,127.19178082192,0.42523648051875,0.4268855123777865,0.001,1.649031859036476
two_RF,S3,100.0,127.39726027397,0.43354021974072,0.4320023685584473,0.001,-1.537851182272676
two_RF,S3,100.0,127.60273972603,0.43656333224386,0.436656218068522,0.001,0.09288582466199236
two_RF,S3,100.0,127.80821917808,0.43959983689104,0.44089905098227083,0.001,1.2992140912308492
two_RF,S3,100.0,128.01369863014,0.44574588556133,0.44477607146427417,0.001,-0.9698140970558211
two_RF,S3,100.0,128.21917808219,0.44956214907842,0.4483266570268251,0.001,-1.2354920515948997
two_RF,S3,100.0,128.42465753425,0.4519317764833,0.45158517249106733,0.001,-0.3466039922326858
two_RF,S3,100.0,128.6301369863,0.45325655099081,0.45458165709532916,0.001,1.325106104519136
two_RF,S3,100.0,128.83561643836,0.45775575192939,0.4573423996064184,0.001,-0.4133523229715719
two_RF,S3,100.0,129.04109589041,0.45920568291185,0.45989041158305544,0.001,0.6847286712054479
two_RF,S3,100.0,129.24657534247,0.46391086961165,0.46224580208312605,0.001,-1.6650675285239669
two_RF,S3,100.0,129.45205479452,0.46468100832273,0.46442604550520183,0.001,-0.2549628175281815
two_RF,S3,100.0,129.65753424658,0.46523061450988,0.4664461118683124,0.001,1.2154973584324047
two_RF,S3,100.0,129.86301369863,0.46794198615203,0.46831838101711576,0.001,0.3763948650857829
two_RF,S3,100.0,130.06849315068,0.46777033002303,0.47005215210040885,0.001,2.28182207737887
two_RF,S3,100.0,130.27397260274,0.472697259083,0.4716522937884042,0.001,-1.044965294595801
two_RF,S3,100.0,130.47945205479,0.47411118488568,0.4731159430048229,0.001,-0.9952418808570895
two_RF,S3,100.0,130.68493150685,0.47524217009969,0.4744249351794986,0.001,-0.8172349201914231
two_RF,S3,100.0,130.8904109589,0.47622222435297,0.4755327995967404,0.001,-0.6894247562296285
two_RF,S3,100.0,131.09589041096,0.47665828663115,0.47638032887306797,0.001,-0.27795775808203693
two_RF,S3,100.0,131.30136986301,0.47626516029936,0.4771001886251102,0.001,0.83502832575022
two_RF,S3,100.0,131.50684931507,0.47760131501861,0.4780616739063786,0.001,0.46035888776863043
two_RF,S3,100.0,131.71232876712,0.48025423587599,0.4791551605567453,0.001,-1.0990753192446912
two_RF,S3,100.0,131.91780821918,0.48007401156768,0.4802715098438611,0.001,0.19749827618109617
two_RF,S3,100.0,132.12328767123,0.48032223220608,0.48139271870465294,0.001,1.0704864985729423
two_RF,S3,100.0,132.32876712329,0.48270986699753,0.4823789553026934,0.001,-0.33091169483656646
two_RF,S3,100.0,132.53424657534,0.48370986860963,0.483188558841988,0.001,-0.5213097676419753
two_RF,S3,100.0,132.7397260274,0.48399833838659,0.48380753945372057,0.001,-0.19079893286944039
two_RF,S3,100.0,132.94520547945,0.48548498587989,0.4841686666815543,0.001,-1.3163191983356914
two_RF,S3,100.0,133.15068493151,0.48376383941924,0.4840536162288331,0.001,0.2897768095930786
two_RF,S3,100.0,133.35616438356,0.48331128896658,0.48269814639061265,0.001,-0.6131425759673403
two_RF,S3,100.0,133.56164383562,0.47507310423276,0.47609864679999103,0.001,1.0255425672310303
two_RF,S3,100.0,133.76712328767,0.41120476205758,0.41199132650481085,0.001,0.7865644472308531
two_RF,S3,100.0,133.97260273973,0.44461534568952,0.44497421010033583,0.001,0.3588644108158401
two_RF,S3,100.0,134.17808219178,0.45980589436354,0.4604009419625956,0.001,0.5950475990555981
two_RF,S3,100.0,134.38356164384,0.47576131035492,0.4759057953458417,0.001,0.14448499092173384
two_RF,S3,100.0,134.58904109589,0.48892513178406,0.4875011271604514,0.001,-1.424004623608588
two_RF,S3,100.0,134.79452054795,0.4899572698243,0.48974848305608615,0.001,-0.20878676821384223
two_RF,S3,100.0,135.0,0.49206375065333,0.49083596406614055,0.001,-1.2277865871894722
three_RF,A1,25.0,105.0,0.54806469859744,0.5480738634115502,0.001,0.009164814110174113
three_RF,A1,25.0,105.20547945205,0.54748245041525,0.5480031730253191,0.001,0.5207226100690798
three_RF,A1,25.0,105.41095890411,0.54709082904591,0.5478436168685756,0.001,0.7527878226656348
three_RF,A1,25.0,105.61643835616,0.54737499621958,0.5472152666291723,0.001,-0.15972959040766455
three_RF,A1,25.0,105.82191780822,0.53596902712272,0.537113150806775,0.001,1.1441236840550317
three_RF,A1,25.0,106.02739726027,0.54555582889699,0.5459049140769576,0.001,0.3490851799676786
three_RF,A1,25.0,106.23287671233,0.54845923178905,0.5475372100363779,0.001,-0.9220217526720864
three_RF,A1,25.0,106.43835616438,0.54759257351066,0.5477820207570699,0.001,0.18944724640990174
three_RF,A1,25.0,106.64383561644,0.54867673798468,0.5478463470403697,0.001,-0.8303909443102553
three_RF,A1,25.0,106.84931506849,0.54857276797199,0.5478603917989535,0.001,-0.7123761730364331
three_RF,A1,25.0,107.05479452055,0.54870436008632,0.5478542368597727,0.001,-0.8501232265472058
three_RF,A1,25.0,107.2602739726,0.54676082875671,0.547837746090678,0.001,1.076917333968086
three_RF,A1,25.0,107.46575342466,0.54942728150644,0.547814835497292,0.001,-1.6124460091480053
three_RF,A1,25.0,107.67123287671,0.54590623118326,0.5477871876249573,0.001,1.880956441697279
three_RF,A1,25.0,107.87671232877,0.5464856708524,0.5477554292399501,0.001,1.2697583875501683
three_RF,A1,25.0,108.08219178082,0.54675908214091,0.5477194546965161,0.001,0.9603725556061038
three_RF,A1,25.0,108.28767123288,0.548346186353,0.5476781355886248,0.001,-0.6680507643752609
three_RF,A1,25.0,108.49315068493,0.54862590663856,0.5476272572884927,0.001,-0.9986493500673266
three_RF,A1,25.0,108.69863013699,0.54688624001134,0.5475434605971072,0.001,0.6572205857672264
three_RF,A1,25.0,108.90410958904,0.54591361146744,0.546957035551008,0.001,1.0434240835680564
three_RF,A1,25.0,109.1095890411,0.54648900261514,0.5472860749016548,0.001,0.7970722865148216
three_RF,A1,25.0,109.31506849315,0.54613318151967,0.5473643166990882,0.001,1.2311351794181968
three_RF,A1,25.0,109.52054794521,0.54798449509865,0.5472952794707387,0.001,-0.6892156279112438
three_RF,A1,25.0,109.72602739726,0.5450326286704,0.5472314031700883,0.001,2.198774499688305
three_RF,A1,25.0,109.93150684932,0.54527833682669,0.547214527592674,0.001,1.9361907659839472
three_RF,A1,25.0,110.13698630137,0.54482543029668,0.5471969006475087,0.001,2.3714703508287416
three_RF,A1,25.0,110.34246575342,0.54621495168917,0.5471558073843866,0.001,0.9408556952166247
three_RF,A1,25.0,110.54794520548,0.54659611683898,0.5470969939743903,0.001,0.5008771354102493
three_RF,A1,25.0,110.75342465753,0.54755392649922,0.54702591110461,0.001,-0.5280153946100041
three_RF,A1,25.0,110.95890410959,0.54790072859466,0.5469457761405389,0.001,-0.9549524541211385
three_RF,A1,25.0,111.16438356164,0.54769702717699,0.5468606849980596,0.001,-0.8363421789303604
three_RF,A1,25.0,111.3698630137,0.54571001478049,0.5467710079113681,0.001,1.0609931308781517
three_RF,A1,25.0,111.57534246575,0.54597405811081,0.5466725389127367,0.001,0.698480801926693
three_RF,A1,25.0,111.78082191781,0.54591454759166,0.5465641103284506,0.001,0.6495627367906209
three_RF,A1,25.0,111.98630136986,0.54625041800037,0.546445591756414,0.001,0.19517375604405363
three_RF,A1,25.0,112.19178082192,0.5433194132879,0.5463164468342653,0.001,2.9970335463652686
three_RF,A1,25.0,112.39726027397,0.54674860256793,0.5461757520758181,0.001,-0.5728504921118649
three_RF,A1,25.0,112.60273972603,0.54701681175901,0.546022296951033,0.001,-0.994514807976965
three_RF,A1,25.0,112.80821917808,0.54491822051281,0.5458546150341299,0.001,0.9363945213198832
three_RF,A1,25.0,113.01369863014,0.54675315535544,0.545670973910718,0.001,-1.0821814447220524
three_RF,A1,25.0,113.21917808219,0.54459163147656,0.5454693418892562,0.001,0.8777104126962421
three_RF,A1,25.0,113.42465753425,0.54372934398539,0.5452473377462531,0.001,1.5179937608631455
three_RF,A1,25.0,113.6301369863,0.54497653384115,0.5450021641525412,0.001,0.02563031139124483
three_RF,A1,25.0,113.83561643836,0.54373736794472,0.5447305225636769,0.001,0.9931546189568818
three_RF,A1,25.0,114.04109589041,0.5439570995922,0.5444285053356676,0.001,0.4714057434676011
three_RF,A1,25.0,114.24657534247,0.54459444657094,0.5440914588561477,0.001,-0.5029877147922912
three_RF,A1,25.0,114.45205479452,0.5427171397065,0.5437138090338112,0.001,0.9966693273111282
three_RF,A1,25.0,114.65753424658,0.54421897652006,0.5432888372629301,0.001,-0.930139257129925
three_RF,A1,25.0,114.86301369863,0.54185749329502,0.5428083904827176,0.001,0.9508971876975858
three_RF,A1,25.0,115.06849315068,0.54217997636569,0.5422625025643399,0.001,0.08252619864990152
three_RF,A1,25.0,115.27397260274,0.54132013881664,0.5416388950684374,0.001,0.3187562517974474
three_RF,A1,25.0,115.47945205479,0.54002693070521,0.5409223119481648,0.001,0.8953812429547403
three_RF,A1,25.0,115.68493150685,0.53928870598905,0.5400936227971055,0.001,0.8049168080555003
three_RF,A1,25.0,115.8904109589,0.53888877463285,0.5391285991288035,0.001,0.23982449595350008
three_RF,A1,25.0,116.09589041096,0.53697674265968,0.5379962219966303,0.001,1.0194793369503463
three_RF,A1,25.0,116.30136986301,0.53694534578697,0.5366563073071374,0.001,-0.2890384798325263
three_RF,A1,25.0,116.50684931507,0.53480513922441,0.535056120708524,0.001,0.2509814841140656
three_RF,A1,25.0,116.71232876712,0.53359437922888,0.5331254683460657,0.001,-0.4689108828143107
three_RF,A1,25.0,116.91780821918,0.53220583751847,0.5307694418751667,0.001,-1.4363956433032232
three_RF,A1,25.0,117.12328767123,0.52816411876475,0.5278574733260385,0.001,-0.30664543871150585
three_RF,A1,25.0,117.32876712329,0.52464421734523,0.5242064447629836,0.001,-0.4377725822464207
three_RF,A1,25.0,117.53424657534,0.52047364902287,0.5195539683321717,0.001,-0.9196806906982546
three_RF,A1,25.0,117.7397260274,0.51330135016696,0.5135149547875552,0.001,0.21360462059516472
three_RF,A1,25.0,117.94520547945,0.50562669515805,0.5055089209863943,0.001,-0.11777417165570458
three_RF,A1,25.0,118.15068493151,0.49244165627509,0.4946345130567927,0.001,2.192856781702668
three_RF,A1,25.0,118.35616438356,0.47945347858782,0.4794462192087155,0.001,-0.0072593791045072464
three_RF,A1,25.0,118.56164383562,0.456807657073,0.4575470792788891,0.001,0.7394222058891287
three_RF,A1,25.0,118.76712328767,0.42519310438466,0.4248432701900038,0.001,-0.3498341946562289
three_RF,A1,25.0,118.97260273973,0.37314693042332,0.37427651772289017,0.001,1.1295872995701894
three_RF,A1,25.0,119.17808219178,0.29595702950718,0.29451361293886325,0.001,-1.4434165683167577
three_RF,A1,25.0,119.38356164384,0.17478912070372,0.17478472911350948,0.001,-0.004391590210511831
three_RF,A1,25.0,119.58904109589,0.044598378095482,0.04530241982906011,0.001,0.7040417335781104
three_RF,A1,25.0,119.79452054795,0.0015986194548781,0.0013809081925309356,0.001,-0.21771126234716437
three_RF,A1,25.0,120.0,0.00096705117768628,3.8070610117361614e-05,0.001,-0.9289805675689183
three_RF,A1,25.0,120.20547945205,0.00036762231411058,0.0005706270129278161,0.001,0.20300469881723612
three_RF,A1,25.0,120.41095890411,0.022725984890348,0.021365820825723005,0.001,-1.3601640646249968
three_RF,A1,25.0,120.61643835616,0.096683317294852,0.09674669906227037,0.001,0.06338176741838009
three_RF,A1,25.0,120.82191780822,0.18049966462303,0.18037841036157504,0.001,-0.1212542614549561
three_RF,A1,25.0,121.02739726027,0.24210580412714,0.24249758600723303,0.001,0.39178188009303394
three_RF,A1,25.0,121.23287671233,0.28176565994472,0.2826964252717529,0.001,0.9307653270329008
three_RF,A1,25.0,121.43835616438,0.30542226256507,0.30571664685376665,0.001,0.29438428869665856
three_RF,A1,25.0,121.64383561644,0.3151624573119,0.3149341690277231,0.001,-0.22828828417692515
three_RF,A1,25.0,121.84931506849,0.31074418692486,0.31163829422133366,0.001,0.8941072964736563
three_RF,A1,25.0,122.05479452055,0.29376796140095,0.2952288926696281,0.001,1.4609312686780784
three_RF,A1,25.0,122.2602739726,0.26517372673007,0.26376943363142696,0.001,-1.404293098643039
three_RF,A1,25.0,122.46575342466,0.21603166438576,0.2164166988217954,0.001,0.38503443603540854
three_RF,A1,25.0,122.67123287671,0.16117773611791,0.16151828456676479,0.001,0.34054844885478275
three_RF,A1,25.0,122.87671232877,0.12764068676912,0.12668196188647976,0.001,-0.9587248826402328
three_RF,A1,25.0,123.08219178082,0.14450165633526,0.14477070293296457,0.001,0.2690465977045753
three_RF,A1,25.0,123.28767123288,0.22361933388266,0.2238049074047818,0.001,0.18557352212178468
three_RF,A1,25.0,123.49315068493,0.32572816122564,0.3238448938152774,0.001,-1.883267410362599
three_RF,A1,25.0,123.69863013699,0.40046810395282,0.4014825173218378,0.001,1.014413369017808
three_RF,A1,25.0,123.90410958904,0.45194300661611,0.4511189731112235,0.001,-0.8240335048864678
three_RF,A1,25.0,124.1095890411,0.48240572835028,0.48160871736371,0.001,-0.7970109865699793
three_RF,A1,25.0,124.31506849315,0.50026766487222,0.500674983722664,0.001,0.40731885044398286
three_RF,A1,25.0,124.52054794521,0.51208802977325,0.5130202637876405,0.001,0.9322340143905761
three_RF,A1,25.0,124.72602739726,0.52159703122756,0.5213169030722178,0.001,-0.28012815534217417
three_RF,A1,25.0,124.93150684932,0.52745513099574,0.5270907356918232,0.001,-0.3643953039168535
three_RF,A1,25.0,125.13698630137,0.53107994711824,0.5312368460418851,0.001,0.15689892364512126
three_RF,A1,25.0,125.34246575342,0.53520270612787,0.5342978429046181,0.001,-0.9048632232518949
three_RF,A1,25.0,125.54794520548,0.53691150228575,0.5366136444692814,0.001,-0.2978578164686274
three_RF,A1,25.0,125.75342465753,0.53803158317063,0.5384038570368392,0.001,0.372273866209194
three_RF,A1,25.0,125.95890410959,0.54101976030119,0.5398144164283085,0.001,-1.2053438728815147
three_RF,A1,25.0,126.16438356164,0.54001349953688,0.5409448125636958,0.001,0.9313130268157055
three_RF,A1,25.0,126.3698630137,0.54093567447101,0.5418644566793336,0.001,0.9287822083235975
three_RF,A1,25.0,126.57534246575,0.54252827686402,0.5426227974991511,0.001,0.0945206351310457
three_RF,A1,25.0,126.78082191781,0.54325350905947,0.5432557359259614,0.001,0.0022268664914282255
three_RF,A1,25.0,126.98630136986,0.54345283134677,0.5437897894106393,0.001,0.33695806386924154
three_RF,A1,25.0,127.19178082192,0.54500543590474,0.5442448543554805,0.001,-0.7605815492595092
three_RF,A1,25.0,127.39726027397,0.54435178361422,0.5446360751187709,0.001,0.28429150455089314
three_RF,A1,25.0,127.60273972603,0.54659490039218,0.5449751317216931,0.001,-1.6197686704868541
three_RF,A1,25.0,127.80821917808,0.54594380492938,0.5452711419761364,0.001,-0.6726629532436412
three_RF,A1,25.0,128.01369863014,0.54497191980539,0.5455313032665812,0.001,0.5593834611912207
three_RF,A1,25.0,128.21917808219,0.54526779537314,0.5457613556006019,0.001,0.49356022746194217
three_RF,A1,25.0,128.42465753425,0.5477124534752,0.5459659200406751,0.001,-1.7465334345249106
three_RF,A1,25.0,128.6301369863,0.54443023001548,0.5461487489086434,0.001,1.7185188931634343
three_RF,A1,25.0,128.83561643836,0.54565624466804,0.5463129125580923,0.001,0.6566678900523648
three_RF,A1,25.0,129.04109589041,0.54567780389341,0.5464609396483384,0.001,0.7831357549283879
three_RF,A1,25.0,129.24657534247,0.54804165205678,0.546594922313622,0.001,-1.4467297431580706
three_RF,A1,25.0,129.45205479452,0.54687670194845,0.5467165931055746,0.001,-0.16010884287531724
three_RF,A1,25.0,129.65753424658,0.54469886532717,0.5468273756193012,0.001,2.128510292131125
three_RF,A1,25.0,129.86301369863,0.54740207773528,0.5469284016931488,0.001,-0.4736760421312214
three_RF,A1,25.0,130.06849315068,0.54610764300759,0.5470204626396727,0.001,0.9128196320827842
three_RF,A1,25.0,130.27397260274,0.54690900967841,0.5471037649493276,0.001,0.19475527091750156
three_RF,A1,25.0,130.47945205479,0.54774768071862,0.5471768639989933,0.001,-0.5708167196266656
three_RF,A1,25.0,130.68493150685,0.54893903602604,0.5472302523180731,0.001,-1.7087837079668988
three_RF,A1,25.0,130.8904109589,0.54621550061726,0.547158815992248,0.001,0.9433153749880407
three_RF,A1,25.0,131.09589041096,0.54845047989129,0.5467370190092522,0.001,-1.7134608820378316
three_RF,A1,25.0,131.30136986301,0.54792916990936,0.5473889433141976,0.001,-0.5402265951623964
three_RF,A1,25.0,131.50684931507,0.54632063392604,0.5474852214997937,0.001,1.164587573753706
three_RF,A1,25.0,131.71232876712,0.54738086063764,0.5475462258821296,0.001,0.16536524448962364
three_RF,A1,25.0,131.91780821918,0.54672260789096,0.5475971790639023,0.001,0.8745711729422068
three_RF,A1,25.0,132.12328767123,0.54772275887908,0.5476424773597832,0.001,-0.0802815192967321
three_RF,A1,25.0,132.32876712329,0.54782145822327,0.5476833130939972,0.001,-0.1381451292727931
three_RF,A1,25.0,132.53424657534,0.54929082949381,0.5477199019413266,0.001,-1.5709275524834476
three_RF,A1,25.0,132.7397260274,0.54792594891107,0.5477518181634483,0.001,-0.17413074762173686
three_RF,A1,25.0,132.94520547945,0.54704796832609,0.5477777353664663,0.001,0.7297670403763057
three_RF,A1,25.0,133.15068493151,0.5506834714733,0.5477944060524491,0.001,-2.889065420850878
three_RF,A1,25.0,133.35616438356,0.5500750379857,0.5477933912800725,0.001,-2.2816467056274714
three_RF,A1,25.0,133.56164383562,0.54682973262031,0.5477483477279944,0.001,0.9186151076844284
three_RF,A1,25.0,133.76712328767,0.54727715355029,0.5475432344802121,0.001,0.26608092992208565
three_RF,A1,25.0,133.97260273973,0.54669881462619,0.5460966869352332,0.001,-0.6021276909567996
three_RF,A1,25.0,134.17808219178,0.53569307311336,0.5357962729747698,0.001,0.10319986140983062
three_RF,A1,25.0,134.38356164384,0.54759501650548,0.5469854486909476,0.001,-0.6095678145324746
three_RF,A1,25.0,134.58904109589,0.54890141583667,0.5476899522235286,0.001,-1.2114636131413947
three_RF,A1,25.0,134.79452054795,0.54832048287789,0.5478703451044644,0.001,-0.45013777342561845
three_RF,A1,25.0,135.0,0.54821902746301,0.5479519032689353,0.001,-0.2671241940747082
three_RF,A1,50.0,105.0,0.54518019714077,0.545960788812715,0.001,0.7805916719449968
three_RF,A1,50.0,105.20547945205,0.54593915250316,0.545683640053205,0.001,-0.255512449955031
three_RF,A1,50.0,105.41095890411,0.54332513483824,0.5450646897226221,0.001,1.739554884382155
three_RF,A1,50.0,105.61643835616,0.54381039932044,0.5426825203189842,0.001,-1.1278790014557227
three_RF,A1,50.0,105.82191780822,0.50813289938097,0.5072359617461022,0.001,-0.896937634867756
three_RF,A1,50.0,106.02739726027,0.53710435514644,0.5368898503173821,0.001,-0.21450482905782664
three_RF,A1,50.0,106.23287671233,0.5433107689534,0.5437712457684568,0.001,0.4604768150567873
three_RF,A1,50.0,106.43835616438,0.54306305555176,0.5447818369047157,0.001,1.7187813529556673
three_RF,A1,50.0,106.64383561644,0.5457599818093,0.5450464135654538,0.001,-0.7135682438461632
three_RF,A1,50.0,106.84931506849,0.54396939153593,0.5451054125367827,0.001,1.1360210008526384
three_RF,A1,50.0,107.05479452055,0.54349055491521,0.5450823904872603,0.001,1.5918355720502264
three_RF,A1,50.0,107.2602739726,0.54581485615659,0.5450176300721636,0.001,-0.797226084426339
three_RF,A1,50.0,107.46575342466,0.54353744611863,0.5449270768488406,0.001,1.3896307302105892
three_RF,A1,50.0,107.67123287671,0.5442603705962,0.5448175857869143,0.001,0.5572151907142775
three_RF,A1,50.0,107.87671232877,0.54513162272837,0.5446917455927253,0.001,-0.4398771356447506
three_RF,A1,50.0,108.08219178082,0.54523333798186,0.5445492314147727,0.001,-0.6841065670872837
three_RF,A1,50.0,108.28767123288,0.54233179495851,0.5443857496665996,0.001,2.053954708089556
three_RF,A1,50.0,108.49315068493,0.54446610672452,0.5441852982241705,0.001,-0.28080850034950533
three_RF,A1,50.0,108.69863013699,0.54513102545738,0.5438612114053197,0.001,-1.2698140520602808
three_RF,A1,50.0,108.90410958904,0.54212713273652,0.541779994711329,0.001,-0.34713802519104053
three_RF,A1,50.0,109.1095890411,0.54211665078801,0.5427663475954714,0.001,0.6496968074614085
three_RF,A1,50.0,109.31506849315,0.54395556184541,0.5431381126502541,0.001,-0.8174491951559171
three_RF,A1,50.0,109.52054794521,0.54278100482716,0.5428693641545569,0.001,0.0883593273969252
three_RF,A1,50.0,109.72602739726,0.54283297795816,0.5426119707495616,0.001,-0.2210072085984116
three_RF,A1,50.0,109.93150684932,0.54139538442821,0.5425419628643134,0.001,1.1465784361034403
three_RF,A1,50.0,110.13698630137,0.54291009361294,0.5424745033401496,0.001,-0.4355902727903871
three_RF,A1,50.0,110.34246575342,0.54226962429523,0.5423141952705401,0.001,0.0445709753101875
three_RF,A1,50.0,110.54794520548,0.54333418323348,0.5420829787960729,0.001,-1.2512044374071163
three_RF,A1,50.0,110.75342465753,0.54175765647272,0.5418028646526096,0.001,0.045208179889622
three_RF,A1,50.0,110.95890410959,0.5397383003742,0.5414866946156311,0.001,1.7483942414311393
three_RF,A1,50.0,111.16438356164,0.54059292824352,0.541150641052195,0.001,0.5577128086750038
three_RF,A1,50.0,111.3698630137,0.5403535562313,0.5407970900820617,0.001,0.4435338507616793
three_RF,A1,50.0,111.57534246575,0.54045013773266,0.5404093979807033,0.001,-0.04073975195673096
three_RF,A1,50.0,111.78082191781,0.539372635097,0.5399826815784768,0.001,0.6100464814768891
three_RF,A1,50.0,111.98630136986,0.54013536523867,0.5395165290479613,0.001,-0.6188361907086826
three_RF,A1,50.0,112.19178082192,0.53910270389539,0.5390089788796131,0.001,-0.09372501577686876
three_RF,A1,50.0,112.39726027397,0.53776855399525,0.5384565460877209,0.001,0.6879920924708349
three_RF,A1,50.0,112.60273972603,0.53758914859921,0.5378546329639883,0.001,0.26548436477824566
three_RF,A1,50.0,112.80821917808,0.53829814308238,0.5371976675839468,0.001,-1.1004754984331733
three_RF,A1,50.0,113.01369863014,0.53560966970779,0.5364790783063025,0.001,0.8694085985124778
three_RF,A1,50.0,113.21917808219,0.536381279428,0.5356911784419065,0.001,-0.6901009860934559
three_RF,A1,50.0,113.42465753425,0.53496924795623,0.5348249879275492,0.001,-0.14426002868084264
three_RF,A1,50.0,113.6301369863,0.53445893421521,0.5338699966194331,0.001,-0.5889375957768284
three_RF,A1,50.0,113.83561643836,0.53224060389752,0.5328138629629563,0.001,0.5732590654362602
three_RF,A1,50.0,114.04109589041,0.53176184199978,0.5316420347355005,0.001,-0.11980726427951449
three_RF,A1,50.0,114.24657534247,0.53079456065231,0.5303372720696543,0.001,-0.4572885826557016
three_RF,A1,50.0,114.45205479452,0.52821374353203,0.5288790455027541,0.001,0.6653019707241192
three_RF,A1,50.0,114.65753424658,0.5286524539368,0.5272427721617422,0.001,-1.4096817750578472
three_RF,A1,50.0,114.86301369863,0.52491577577671,0.525398840286798,0.001,0.4830645100879494
three_RF,A1,50.0,115.06849315068,0.52268881503216,0.5233113545154033,0.001,0.6225394832433118
three_RF,A1,50.0,115.27397260274,0.52077952123406,0.5209365096864451,0.001,0.1569884523850984
three_RF,A1,50.0,115.47945205479,0.51678912736387,0.5182204662487319,0.001,1.4313388848619102
three_RF,A1,50.0,115.68493150685,0.51337429887364,0.5150965513510951,0.001,1.7222524774551662
three_RF,A1,50.0,115.8904109589,0.51128988675018,0.5114815399126426,0.001,0.19165316246261277
three_RF,A1,50.0,116.09589041096,0.50772753939842,0.507270670144024,0.001,-0.45686925439591963
three_RF,A1,50.0,116.30136986301,0.50271382078714,0.5023309048978386,0.001,-0.382915889301394
three_RF,A1,50.0,116.50684931507,0.4976874255363,0.4964917455375129,0.001,-1.1956799987871136
three_RF,A1,50.0,116.71232876712,0.48967908625953,0.48953261515720736,0.001,-0.14647110232263172
three_RF,A1,50.0,116.91780821918,0.48139572159707,0.48116542755629854,0.001,-0.23029404077146154
three_RF,A1,50.0,117.12328767123,0.47093506773532,0.4710104352954582,0.001,0.07536756013820645
three_RF,A1,50.0,117.32876712329,0.45866178043166,0.45856285477774944,0.001,-0.09892565391056429
three_RF,A1,50.0,117.53424657534,0.44213225713472,0.4431473552393559,0.001,1.015098104635903
three_RF,A1,50.0,117.7397260274,0.42379590971697,0.42385813630219316,0.001,0.06222658522314628
three_RF,A1,50.0,117.94520547945,0.39866047064496,0.39948656280218814,0.001,0.8260921572281199
three_RF,A1,50.0,118.15068493151,0.36641756764739,0.36845325975847043,0.001,2.035692111080456
three_RF,A1,50.0,118.35616438356,0.32929991452842,0.32880591268664194,0.001,-0.49400184177805784
three_RF,A1,50.0,118.56164383562,0.27826572203097,0.2784639682617755,0.001,0.19824623080549886
three_RF,A1,50.0,118.76712328767,0.21593165691932,0.21617362221596514,0.001,0.24196529664513577
three_RF,A1,50.0,118.97260273973,0.14312249260882,0.1440865519533518,0.001,0.9640593445317813
three_RF,A1,50.0,119.17808219178,0.073561247913663,0.07251064189563275,0.001,-1.0506060180302534
three_RF,A1,50.0,119.38356164384,0.020110421806822,0.021434567105407788,0.001,1.324145298585787
three_RF,A1,50.0,119.58904109589,0.0026004177675315,0.002447647642608171,0.001,-0.15277012492332906
three_RF,A1,50.0,119.79452054795,0.00061808759573758,7.366752673191594e-05,0.001,-0.544420069005664
three_RF,A1,50.0,120.0,-0.00018158524940256,-2.043403376350561e-05,0.001,0.16115121563905438
three_RF,A1,50.0,120.20547945205,-0.0006702083355093,1.5590551726629923e-05,0.001,0.6857988872359299
three_RF,A1,50.0,120.41095890411,-0.00074229777138008,0.00042129630044716995,0.001,1.16359407182725
three_RF,A1,50.0,120.61643835616,0.0045419524945663,0.003929110352886578,0.001,-0.6128421416797224
three_RF,A1,50.0,120.82191780822,0.015875597767222,0.014997644938104533,0.001,-0.877952829117467
three_RF,A1,50.0,121.02739726027,0.031846904992122,0.032837123606913744,0.001,0.9902186147917463
three_RF,A1,50.0,121.23287671233,0.052433060248932,0.0517757658989505,0.001,-0.6572943499814978
three_RF,A1,50.0,121.43835616438,0.066587087413952,0.06651046619079133,0.001,-0.07662122316066944
three_RF,A1,50.0,121.64383561644,0.076900212378167,0.07395467907753639,0.001,-2.9455333006306037
three_RF,A1,50.0,121.84931506849,0.073448690472376,0.07290833600030155,0.001,-0.5403544720744419
three_RF,A1,50.0,122.05479452055,0.064042531289898,0.06373111796093933,0.001,-0.31141332895866236
three_RF,A1,50.0,122.2602739726,0.048274782883138,0.04864188861902278,0.001,0.36710573588477624
three_RF,A1,50.0,122.46575342466,0.031430363041137,0.03214628441621877,0.001,0.7159213750817724
three_RF,A1,50.0,122.67123287671,0.021150438407043,0.01988472356658636,0.001,-1.2657148404566394
three_RF,A1,50.0,122.87671232877,0.014884600263829,0.015640735898448003,0.001,0.7561356346190029
three_RF,A1,50.0,123.08219178082,0.02187377701672,0.022852275456229438,0.001,0.978498439509437
three_RF,A1,50.0,123.28767123288,0.050845493869775,0.05231480399177396,0.001,1.469310121998961
three_RF,A1,50.0,123.49315068493,0.11414100364656,0.11468613668872227,0.001,0.545133042162263
three_RF,A1,50.0,123.69863013699,0.19888281861783,0.1976363803602082,0.001,-1.2464382576218014
three_RF,A1,50.0,123.90410958904,0.27711096538371,0.2774798061867313,0.001,0.3688408030212975
three_RF,A1,50.0,124.1095890411,0.3416523615334,0.3419646788108158,0.001,0.31231727741581894
three_RF,A1,50.0,124.31506849315,0.38991109858815,0.39014534784981747,0.001,0.23424926166748516
three_RF,A1,50.0,124.52054794521,0.42522079450205,0.42522803275137866,0.001,0.007238249328633817
three_RF,A1,50.0,124.72602739726,0.45107144093215,0.450759997494038,0.001,-0.31144343811201347
three_RF,A1,50.0,124.93150684932,0.46946052983668,0.4695467491344537,0.001,0.08621929777369308
three_RF,A1,50.0,125.13698630137,0.48314498545011,0.48359018267652487,0.001,0.4451972264148951
three_RF,A1,50.0,125.34246575342,0.49313145490174,0.49427107003793236,0.001,1.1396151361923734
three_RF,A1,50.0,125.54794520548,0.50298924840684,0.5025358447842468,0.001,-0.4534036225931626
three_RF,A1,50.0,125.75342465753,0.50796650644251,0.5090372260017343,0.001,1.0707195592243313
three_RF,A1,50.0,125.95890410959,0.51538205119463,0.5142307103659328,0.001,-1.1513408286971671
three_RF,A1,50.0,126.16438356164,0.51813242690774,0.518438714688335,0.001,0.30628778059504924
three_RF,A1,50.0,126.3698630137,0.52007776009806,0.5218929080707261,0.001,1.8151479726661313
three_RF,A1,50.0,126.57534246575,0.52373776685978,0.5247622639054483,0.001,1.0244970456683156
three_RF,A1,50.0,126.78082191781,0.52623807514412,0.5271718269550439,0.001,0.9337518109239218
three_RF,A1,50.0,126.98630136986,0.52947168306766,0.5292154219358831,0.001,-0.2562611317769026
three_RF,A1,50.0,127.19178082192,0.53172006579445,0.5309643740799721,0.001,-0.7556917144778685
three_RF,A1,50.0,127.39726027397,0.53230478997562,0.53247357460011,0.001,0.16878462448999265
three_RF,A1,50.0,127.60273972603,0.53543471501677,0.5337857561925172,0.001,-1.6489588242527553
three_RF,A1,50.0,127.80821917808,0.53539770777474,0.5349345460875792,0.001,-0.46316168716087347
three_RF,A1,50.0,128.01369863014,0.53504113528732,0.5359466733510541,0.001,0.9055380637340571
three_RF,A1,50.0,128.21917808219,0.53834103888726,0.5368435835300556,0.001,-1.497455357204469
three_RF,A1,50.0,128.42465753425,0.53766932755085,0.5376426327380625,0.001,-0.026694812787497746
three_RF,A1,50.0,128.6301369863,0.5406404007746,0.5383579794403421,0.001,-2.2824213342578226
three_RF,A1,50.0,128.83561643836,0.53854812053314,0.5390012558956463,0.001,0.45313536250624065
three_RF,A1,50.0,129.04109589041,0.53918924953401,0.5395820760105425,0.001,0.3928264765324929
three_RF,A1,50.0,129.24657534247,0.54294540547399,0.5401084179333596,0.001,-2.8369875406303313
three_RF,A1,50.0,129.45205479452,0.54053202528747,0.5405869040606529,0.001,0.05487877318288703
three_RF,A1,50.0,129.65753424658,0.54278263260098,0.5410229825173961,0.001,-1.759650083583919
three_RF,A1,50.0,129.86301369863,0.54241097465475,0.5414209782221598,0.001,-0.9899964325901234
three_RF,A1,50.0,130.06849315068,0.54103130555156,0.5417838772340665,0.001,0.752571682506531
three_RF,A1,50.0,130.27397260274,0.5428308468573,0.5421123041671335,0.001,-0.7185426901664682
three_RF,A1,50.0,130.47945205479,0.54196810082629,0.5424000590618426,0.001,0.431958235552643
three_RF,A1,50.0,130.68493150685,0.54315847304472,0.5426068599932887,0.001,-0.5516130514312545
three_RF,A1,50.0,130.8904109589,0.54254820050226,0.5422699166962303,0.001,-0.27828380602978875
three_RF,A1,50.0,131.09589041096,0.54126963192154,0.5409335325222402,0.001,-0.33609939929979404
three_RF,A1,50.0,131.30136986301,0.54562706478194,0.5432505571470525,0.001,-2.3765076348875036
three_RF,A1,50.0,131.50684931507,0.54432915214192,0.5436230090907607,0.001,-0.706143051159347
three_RF,A1,50.0,131.71232876712,0.54413590468964,0.5438633011500481,0.001,-0.2726035395919091
three_RF,A1,50.0,131.91780821918,0.54479707542795,0.5440647995265142,0.001,-0.7322759014357638
three_RF,A1,50.0,132.12328767123,0.54418128651878,0.544244157522285,0.001,0.062871003505105
three_RF,A1,50.0,132.32876712329,0.5453907641701,0.5444059117798746,0.001,-0.9848523902253881
three_RF,A1,50.0,132.53424657534,0.54549127414194,0.5445508258074389,0.001,-0.9404483345011316
three_RF,A1,50.0,132.7397260274,0.54690169903815,0.5446771189671439,0.001,-2.2245800710061214
three_RF,A1,50.0,132.94520547945,0.54410643142428,0.5447793737472079,0.001,0.6729423229279163
three_RF,A1,50.0,133.15068493151,0.54548829163684,0.5448443531623461,0.001,-0.6439384744938437
three_RF,A1,50.0,133.35616438356,0.54548496818716,0.5448375730937569,0.001,-0.6473950934030581
three_RF,A1,50.0,133.56164383562,0.54440415766014,0.5446507780462501,0.001,0.24662038611000803
three_RF,A1,50.0,133.76712328767,0.54305118857503,0.5438020529053043,0.001,0.7508643302742701
three_RF,A1,50.0,133.97260273973,0.53659632543671,0.5376960287659841,0.001,1.0997033292741154
three_RF,A1,50.0,134.17808219178,0.50304746087424,0.5025123186011378,0.001,-0.5351422731022515
three_RF,A1,50.0,134.38356164384,0.54290907613865,0.5417882254838847,0.001,-1.120850654765304
three_RF,A1,50.0,134.58904109589,0.54431355767902,0.5444566838972091,0.001,0.14312621818912685
three_RF,A1,50.0,134.79452054795,0.5467510761721,0.5451560172745606,0.001,-1.5950588975393032
three_RF,A1,50.0,135.0,0.54604576768295,0.5454758801416415,0.001,-0.5698875413084892
three_RF,A1,100.0,105.0,0.53907544359987,0.5376594319390848,0.001,-1.4160116607851991
three_RF,A1,100.0,105.20547945205,0.53739786010682,0.5366342304568045,0.001,-0.7636296500155293
three_RF,A1,100.0,105.41095890411,0.53455379843675,0.5344360119471563,0.001,-0.11778648959370752
three_RF,A1,100.0,105.61643835616,0.52860310736429,0.5266677074356542,0.001,-1.9353999286357837
three_RF,A1,100.0,105.82191780822,0.43957162040584,0.43939875534509754,0.001,-0.17286506074248864
three_RF,A1,100.0,106.02739726027,0.49352725067962,0.49407810440735095,0.001,0.5508537277309489
three_RF,A1,100.0,106.23287671233,0.52803797503939,0.5281545935884271,0.001,0.11661854903710633
three_RF,A1,100.0,106.43835616438,0.53155471647377,0.5327503364583207,0.001,1.1956199845507554
three_RF,A1,100.0,106.64383561644,0.53452964946022,0.5339324970656777,0.001,-0.5971523945422774
three_RF,A1,100.0,106.84931506849,0.53479401765235,0.5342152896881893,0.001,-0.5787279641606968
three_RF,A1,100.0,107.05479452055,0.53488461069084,0.5341491473390848,0.001,-0.7354633517552278
three_RF,A1,100.0,107.2602739726,0.5339801863887,0.5339093243576241,0.001,-0.07086203107597999
three_RF,A1,100.0,107.46575342466,0.53459696812708,0.5335643367755241,0.001,-1.032631351555957
three_RF,A1,100.0,107.67123287671,0.53192867310715,0.5331436615416182,0.001,1.2149884344682116
three_RF,A1,100.0,107.87671232877,0.53190331794829,0.5326589521481577,0.001,0.755634199867683
three_RF,A1,100.0,108.08219178082,0.53067663307046,0.5321103882558984,0.001,1.4337551854384234
three_RF,A1,100.0,108.28767123288,0.53031626638497,0.5314839806851667,0.001,1.1677143001966872
three_RF,A1,100.0,108.49315068493,0.53081068201479,0.5307275829983793,0.001,-0.08309901641068151
three_RF,A1,100.0,108.69863013699,0.52885884559523,0.529581696476034,0.001,0.7228508808040379
three_RF,A1,100.0,108.90410958904,0.52473009158861,0.5242441547373515,0.001,-0.48593685125841724
three_RF,A1,100.0,109.1095890411,0.52196687051603,0.5238584549027864,0.001,1.8915843867564064
three_RF,A1,100.0,109.31506849315,0.52582335805746,0.526597776857624,0.001,0.774418800163934
three_RF,A1,100.0,109.52054794521,0.5261058107739,0.5256523647485599,0.001,-0.45344602534003187
three_RF,A1,100.0,109.72602739726,0.52629560222054,0.5246019788011265,0.001,-1.6936234194134814
three_RF,A1,100.0,109.93150684932,0.52451615875768,0.5242766977635885,0.001,-0.23946099409144495
three_RF,A1,100.0,110.13698630137,0.52306316173358,0.524051035495851,0.001,0.987873762270941
three_RF,A1,100.0,110.34246575342,0.52497142286273,0.5234731705518255,0.001,-1.498252310904502
three_RF,A1,100.0,110.54794520548,0.52262213356046,0.522611123599738,0.001,-0.011009960721897194
three_RF,A1,100.0,110.75342465753,0.52154227434094,0.5215559403195622,0.001,0.013665978622179331
three_RF,A1,100.0,110.95890410959,0.52047634297354,0.5203590744553481,0.001,-0.11726851819182649
three_RF,A1,100.0,111.16438356164,0.51835271684488,0.5190813668930087,0.001,0.7286500481286096
three_RF,A1,100.0,111.3698630137,0.51986977632866,0.5177455081001207,0.001,-2.1242682285393943
three_RF,A1,100.0,111.57534246575,0.51521035193411,0.5162892010625961,0.001,1.0788491284861035
three_RF,A1,100.0,111.78082191781,0.51460936732666,0.5146891543776546,0.001,0.07978705099465078
three_RF,A1,100.0,111.98630136986,0.51196061923411,0.5129451155208767,0.001,0.9844962867667784
three_RF,A1,100.0,112.19178082192,0.51035602565353,0.5110519404520282,0.001,0.6959147984981762
three_RF,A1,100.0,112.39726027397,0.50816953694881,0.5089987411912653,0.001,0.8292042424553614
three_RF,A1,100.0,112.60273972603,0.50716291842274,0.5067706608909988,0.001,-0.3922575317412136
three_RF,A1,100.0,112.80821917808,0.50527794133167,0.5043496259790966,0.001,-0.9283153525734278
three_RF,A1,100.0,113.01369863014,0.50176967366351,0.5017144482871625,0.001,-0.0552253763475008
three_RF,A1,100.0,113.21917808219,0.49949938092625,0.49884060176009304,0.001,-0.6587791661569753
three_RF,A1,100.0,113.42465753425,0.4948249771498,0.49569980662903995,0.001,0.8748294792399469
three_RF,A1,100.0,113.6301369863,0.49369219269005,0.4922594651101183,0.001,-1.4327275799316808
three_RF,A1,100.0,113.83561643836,0.48908768837422,0.48848195485494633,0.001,-0.6057335192736768
three_RF,A1,100.0,114.04109589041,0.48442503186959,0.4843237683928943,0.001,-0.10126347669570102
three_RF,A1,100.0,114.24657534247,0.47888920468448,0.47973447606264014,0.001,0.8452713781601506
three_RF,A1,100.0,114.45205479452,0.47508224971046,0.474655481846955,0.001,-0.4267678635049843
three_RF,A1,100.0,114.65753424658,0.46922855823946,0.4690185347209737,0.001,-0.21002351848631307
three_RF,A1,100.0,114.86301369863,0.46426634147547,0.46274395362319287,0.001,-1.5223878522771517
three_RF,A1,100.0,115.06849315068,0.45557803659918,0.4557385251277738,0.001,0.16048852859379403
three_RF,A1,100.0,115.27397260274,0.44771336687967,0.4478930436527376,0.001,0.1796767730675719
three_RF,A1,100.0,115.47945205479,0.44003679767313,0.4390794858773662,0.001,-0.9573117957637489
three_RF,A1,100.0,115.68493150685,0.43023341052949,0.42914783871794404,0.001,-1.085571811545949
three_RF,A1,100.0,115.8904109589,0.41879502417437,0.4179226386501205,0.001,-0.8723855242494527
three_RF,A1,100.0,116.09589041096,0.4049886033342,0.4051994051073259,0.001,0.21080177312587933
three_RF,A1,100.0,116.30136986301,0.3909043021234,0.39074153014886853,0.001,-0.16277197453146153
three_RF,A1,100.0,116.50684931507,0.37650786930517,0.3742787823376672,0.001,-2.2290869675027913
three_RF,A1,100.0,116.71232876712,0.35554366230141,0.3555089169727277,0.001,-0.03474532868230629
three_RF,A1,100.0,116.91780821918,0.33324067493225,0.334104903433272,0.001,0.8642285010219686
three_RF,A1,100.0,117.12328767123,0.30931840269398,0.3097342182113903,0.001,0.41581551741032285
three_RF,A1,100.0,117.32876712329,0.28382122998173,0.28209764047211994,0.001,-1.7235895096100462
three_RF,A1,100.0,117.53424657534,0.2516892740396,0.2509993858005765,0.001,-0.689888239023495
three_RF,A1,100.0,117.7397260274,0.21454673056871,0.21646777853838073,0.001,1.9210479696707417
three_RF,A1,100.0,117.94520547945,0.17969058995015,0.17894068941670782,0.001,-0.7499005334421771
three_RF,A1,100.0,118.15068493151,0.13979042509029,0.13951889845538756,0.001,-0.27152663490243034
three_RF,A1,100.0,118.35616438356,0.098253595097826,0.10022933349853942,0.001,1.9757384007134253
three_RF,A1,100.0,118.56164383562,0.063818240017545,0.06411081405607771,0.001,0.2925740385327086
three_RF,A1,100.0,118.76712328767,0.035864999441053,0.03474676719023669,0.001,-1.118232250816309
three_RF,A1,100.0,118.97260273973,0.013557261420282,0.01488626396956232,0.001,1.3290025492803201
three_RF,A1,100.0,119.17808219178,0.0049484517269118,0.004610358128944762,0.001,-0.3380935979670381
three_RF,A1,100.0,119.38356164384,-0.00035210984811427,0.0009347085057633173,0.001,1.2868183538775873
three_RF,A1,100.0,119.58904109589,0.0012615715226894,0.00011238325454522706,0.001,-1.1491882681441727
three_RF,A1,100.0,119.79452054795,-0.0012753156223825,6.099051517506357e-06,0.001,1.2814146739000063
three_RF,A1,100.0,120.0,-0.00086046042074633,-0.0002208071756364177,0.001,0.6396532451099123
three_RF,A1,100.0,120.20547945205,0.0009804668054042,-1.5065795311412005e-06,0.001,-0.9819733849353414
three_RF,A1,100.0,120.41095890411,-0.00059800220835766,7.84418413713685e-06,0.001,0.6058463924947969
three_RF,A1,100.0,120.61643835616,-0.0010544685163497,4.320830493825735e-05,0.001,1.0976768212879573
three_RF,A1,100.0,120.82191780822,-0.00015503957621598,0.00015931133038557624,0.001,0.31435090660155623
three_RF,A1,100.0,121.02739726027,1.7851155354092e-05,0.00044097355250065633,0.001,0.42312239714656436
three_RF,A1,100.0,121.23287671233,0.0008305866921237,0.0009287437316456549,0.001,0.09815703952195491
three_RF,A1,100.0,121.43835616438,0.0013030475825976,0.0015298510649851876,0.001,0.22680348238758757
three_RF,A1,100.0,121.64383561644,0.0026902682338251,0.0020529538729859844,0.001,-0.6373143608391154
three_RF,A1,100.0,121.84931506849,0.0026561736948599,0.002322439906796374,0.001,-0.333733788063526
three_RF,A1,100.0,122.05479452055,0.0011611959206777,0.0022914183634033802,0.001,1.1302224427256802
three_RF,A1,100.0,122.2602739726,0.0034659289536474,0.0020691462744716243,0.001,-1.3967826791757756
three_RF,A1,100.0,122.46575342466,0.0018180487770849,0.0018570411465093134,0.001,0.038992369424413434
three_RF,A1,100.0,122.67123287671,0.0020749296917308,0.0018870141085716415,0.001,-0.1879155831591584
three_RF,A1,100.0,122.87671232877,0.0029328686913014,0.0025068411153123145,0.001,-0.4260275759890857
three_RF,A1,100.0,123.08219178082,0.0054413689452848,0.00459393431503562,0.001,-0.8474346302491803
three_RF,A1,100.0,123.28767123288,0.0094710872279554,0.010423385793054666,0.001,0.9522985650992649
three_RF,A1,100.0,123.49315068493,0.025708554978771,0.02425740090395219,0.001,-1.4511540748188105
three_RF,A1,100.0,123.69863013699,0.050993045311459,0.05048634991793725,0.001,-0.5066953935217513
three_RF,A1,100.0,123.90410958904,0.088437109054844,0.08970563367379673,0.001,1.2685246189527293
three_RF,A1,100.0,124.1095890411,0.13766729426277,0.13762766934103254,0.001,-0.039624921737452246
three_RF,A1,100.0,124.31506849315,0.18769777272311,0.18807952182545942,0.001,0.3817491023494213
three_RF,A1,100.0,124.52054794521,0.23657756875125,0.23613103138446778,0.001,-0.44653736678221256
three_RF,A1,100.0,124.72602739726,0.27918648216891,0.2790987901793741,0.001,-0.08769198953589852
three_RF,A1,100.0,124.93150684932,0.31586250243538,0.3161104331913523,0.001,0.24793075597229208
three_RF,A1,100.0,125.13698630137,0.34612228056354,0.3473453206458,0.001,1.2230400822599852
three_RF,A1,100.0,125.34246575342,0.37455509921952,0.37345218654202805,0.001,-1.1029126774919629
three_RF,A1,100.0,125.54794520548,0.39602324692293,0.39521149104529213,0.001,-0.8117558776378764
three_RF,A1,100.0,125.75342465753,0.41245696476678,0.413372598049701,0.001,0.9156332829209912
three_RF,A1,100.0,125.95890410959,0.42918871003525,0.4285903746716005,0.001,-0.5983353636495048
three_RF,A1,100.0,126.16438356164,0.44127295309508,0.44141101720740034,0.001,0.13806411232031301
three_RF,A1,100.0,126.3698630137,0.45254788812856,0.45227920788711523,0.001,-0.2686802414447742
three_RF,A1,100.0,126.57534246575,0.46084780138975,0.4615526654639428,0.001,0.7048640741927903
three_RF,A1,100.0,126.78082191781,0.46968544729444,0.4695177429578608,0.001,-0.1677043365791997
three_RF,A1,100.0,126.98630136986,0.47692773888696,0.4764035259898817,0.001,-0.5242128970782689
three_RF,A1,100.0,127.19178082192,0.48249896113521,0.4823936630826431,0.001,-0.1052980525669267
three_RF,A1,100.0,127.39726027397,0.48839502977533,0.4876359254783472,0.001,-0.7591042969827821
three_RF,A1,100.0,127.60273972603,0.48995006890282,0.4922497791659909,0.001,2.2997102631708843
three_RF,A1,100.0,127.80821917808,0.49584838723246,0.4963323208391494,0.001,0.4839336066894129
three_RF,A1,100.0,128.01369863014,0.49995319628255,0.4999629098082777,0.001,0.009713525727650385
three_RF,A1,100.0,128.21917808219,0.50271221992183,0.5032067780118905,0.001,0.4945580900604929
three_RF,A1,100.0,128.42465753425,0.50485847530103,0.5061178457312235,0.001,1.2593704301935293
three_RF,A1,100.0,128.6301369863,0.5088756288546,0.5087409210441094,0.001,-0.13470781049063074
three_RF,A1,100.0,128.83561643836,0.51274160204461,0.5111134190508367,0.001,-1.6281829937732084
three_RF,A1,100.0,129.04109589041,0.5133580517817,0.5132667013950261,0.001,-0.09135038667396067
three_RF,A1,100.0,129.24657534247,0.51600826379187,0.5152271042615061,0.001,-0.7811595303639507
three_RF,A1,100.0,129.45205479452,0.5162834663826,0.5170166861795682,0.001,0.7332197969681653
three_RF,A1,100.0,129.65753424658,0.51987862356701,0.5186536660530927,0.001,-1.2249575139172686
three_RF,A1,100.0,129.86301369863,0.52062441345523,0.5201523747240577,0.001,-0.47203873117229733
three_RF,A1,100.0,130.06849315068,0.51937437185892,0.5215220735997158,0.001,2.1477017407958154
three_RF,A1,100.0,130.27397260274,0.52395940679089,0.522762088223445,0.001,-1.1973185674449827
three_RF,A1,100.0,130.47945205479,0.52248341884391,0.5238403507656989,0.001,1.3569319217888731
three_RF,A1,100.0,130.68493150685,0.52410662507029,0.52455310987316,0.001,0.44648480286990644
three_RF,A1,100.0,130.8904109589,0.52113541830687,0.5221152778894672,0.001,0.9798595825971645
three_RF,A1,100.0,131.09589041096,0.52274755962642,0.521310674891516,0.001,-1.4368847349041092
three_RF,A1,100.0,131.30136986301,0.52809465077645,0.5272508744991236,0.001,-0.8437762773264579
three_RF,A1,100.0,131.50684931507,0.52992578969784,0.5285689712441685,0.001,-1.3568184536715266
three_RF,A1,100.0,131.71232876712,0.52949887143643,0.529474798006304,0.001,-0.024073430126003714
three_RF,A1,100.0,131.91780821918,0.5298717506542,0.5302453317967679,0.001,0.37358114256791364
three_RF,A1,100.0,132.12328767123,0.53039293112366,0.530934340065698,0.001,0.5414089420379131
three_RF,A1,100.0,132.32876712329,0.53422361460362,0.5315566236900016,0.001,-2.666990913618439
three_RF,A1,100.0,132.53424657534,0.53151506898461,0.5321137488437075,0.001,0.5986798590975617
three_RF,A1,100.0,132.7397260274,0.53192349310632,0.5325973686503355,0.001,0.6738755440154343
three_RF,A1,100.0,132.94520547945,0.53226491202247,0.5329839770759449,0.001,0.7190650534749654
three_RF,A1,100.0,133.15068493151,0.53297637788966,0.5332164784592893,0.001,0.24010056962930904
three_RF,A1,100.0,133.35616438356,0.53296514458597,0.5331444928836943,0.001,0.17934829772425775
three_RF,A1,100.0,133.56164383562,0.5335151341063,0.5322847644617853,0.001,-1.2303696445147283
three_RF,A1,100.0,133.76712328767,0.52698686190604,0.5283901572235358,0.001,1.403295317495723
three_RF,A1,100.0,133.97260273973,0.49915338191496,0.49797797880708433,0.001,-1.1754031078756721
three_RF,A1,100.0,134.17808219178,0.42722306134459,0.4272077398841419,0.001,-0.015321460448081137
three_RF,A1,100.0,134.38356164384,0.52219466579441,0.5234294747522867,0.001,1.234808957876754
three_RF,A1,100.0,134.58904109589,0.53187042853872,0.5321027376784057,0.001,0.23230913968563804
three_RF,A1,100.0,134.79452054795,0.53591123353777,0.534580759823322,0.001,-1.330473714448055
three_RF,A1,100.0,135.0,0.53469459150133,0.5357654256050477,0.001,1.070834103717666
three_RF,G2,25.0,105.0,0.59284884998006,0.5937347273616003,0.001,0.8858773815402232
three_RF,G2,25.0,105.20547945205,0.59422221281986,0.5936731185376308,0.001,-0.5490942822291567
three_RF,G2,25.0,105.41095890411,0.59344358495765,0.5935310425996241,0.001,0.08745764197404249
three_RF,G2,25.0,105.61643835616,0.59235835280195,0.5924016346956581,0.001,0.04328189370805813
three_RF,G2,25.0,105.82191780822,0.59433327601271,0.5921786468354653,0.001,-2.154629177244738
three_RF,G2,25.0,106.02739726027,0.59046062959684,0.589458179184287,0.001,-1.0024504125529798
three_RF,G2,25.0,106.23287671233,0.59052647150911,0.5899167242352026,0.001,-0.6097472739073906
three_RF,G2,25.0,106.43835616438,0.59475877997989,0.5929999846506464,0.001,-1.758795329243612
three_RF,G2,25.0,106.64383561644,0.59219736333889,0.5933037616994746,0.001,1.1063983605846817
three_RF,G2,25.0,106.84931506849,0.59206912884266,0.5933665442371479,0.001,1.2974153944877997
three_RF,G2,25.0,107.05479452055,0.5941399252422,0.5933677680804973,0.001,-0.7721571617027578
three_RF,G2,25.0,107.2602739726,0.59365021937511,0.5933425382747438,0.001,-0.3076811003661639
three_RF,G2,25.0,107.46575342466,0.59312545831012,0.5933000067449538,0.001,0.1745484348337767
three_RF,G2,25.0,107.67123287671,0.59326342855453,0.5932438942059907,0.001,-0.019534348539296253
three_RF,G2,25.0,107.87671232877,0.59368380578738,0.5931859901374127,0.001,-0.49781564996731476
three_RF,G2,25.0,108.08219178082,0.59390332480127,0.5931366765861701,0.001,-0.7666482150998633
three_RF,G2,25.0,108.28767123288,0.59337373573174,0.5930930307431723,0.001,-0.28070498856769266
three_RF,G2,25.0,108.49315068493,0.59394285890982,0.5930692837712573,0.001,-0.8735751385626767
three_RF,G2,25.0,108.69863013699,0.5930005997012,0.5930445736266765,0.001,0.043973925476503695
three_RF,G2,25.0,108.90410958904,0.59350587250006,0.593001192177164,0.001,-0.5046803228960783
three_RF,G2,25.0,109.1095890411,0.59483191945785,0.5929434469919601,0.001,-1.8884724658898566
three_RF,G2,25.0,109.31506849315,0.59333895609392,0.5928760815662568,0.001,-0.4628745276631374
three_RF,G2,25.0,109.52054794521,0.59303833261339,0.5928011504586023,0.001,-0.23718215478774063
three_RF,G2,25.0,109.72602739726,0.59320631711313,0.5927192781663857,0.001,-0.48703894674428927
three_RF,G2,25.0,109.93150684932,0.59173094848438,0.5926304279159724,0.001,0.8994794315924093
three_RF,G2,25.0,110.13698630137,0.59344111719922,0.5925342237654491,0.001,-0.9068934337709278
three_RF,G2,25.0,110.34246575342,0.59250972947005,0.5924300788869042,0.001,-0.07965058314574058
three_RF,G2,25.0,110.54794520548,0.59303186750337,0.5923172437423875,0.001,-0.7146237609825246
three_RF,G2,25.0,110.75342465753,0.59141356233683,0.5921948187434171,0.001,0.7812564065871053
three_RF,G2,25.0,110.95890410959,0.59286599355633,0.592061748961672,0.001,-0.804244594657999
three_RF,G2,25.0,111.16438356164,0.59317829256024,0.5919168078065408,0.001,-1.261484753699249
three_RF,G2,25.0,111.3698630137,0.59124852669605,0.5917585721514604,0.001,0.5100454554104461
three_RF,G2,25.0,111.57534246575,0.59214651500567,0.5915853892955002,0.001,-0.561125710169752
three_RF,G2,25.0,111.78082191781,0.59016795699919,0.5913953349475389,0.001,1.2273779483489289
three_RF,G2,25.0,111.98630136986,0.59012827553801,0.5911861605588357,0.001,1.0578850208257107
three_RF,G2,25.0,112.19178082192,0.59048093810482,0.5909552274979447,0.001,0.47428939312466056
three_RF,G2,25.0,112.39726027397,0.59143938486077,0.5906994245788061,0.001,-0.7399602819638806
three_RF,G2,25.0,112.60273972603,0.59219900735963,0.5904150642432201,0.001,-1.7839431164099473
three_RF,G2,25.0,112.80821917808,0.59033834122791,0.59009775103437,0.001,-0.24059019353994682
three_RF,G2,25.0,113.01369863014,0.59080809392275,0.5897422137539866,0.001,-1.0658801687634112
three_RF,G2,25.0,113.21917808219,0.5884598092462,0.5893420895447379,0.001,0.8822802985378742
three_RF,G2,25.0,113.42465753425,0.58893702452877,0.5888896436815955,0.001,-0.04738084717448299
three_RF,G2,25.0,113.6301369863,0.58752954956552,0.588375402485765,0.001,0.8458529202450826
three_RF,G2,25.0,113.83561643836,0.58803856016347,0.5877876675140147,0.001,-0.2508926494553254
three_RF,G2,25.0,114.04109589041,0.5865981228931,0.5871118655413419,0.001,0.5137426482418883
three_RF,G2,25.0,114.24657534247,0.58564572392792,0.5863296685235364,0.001,0.6839445956163814
three_RF,G2,25.0,114.45205479452,0.58661721294354,0.5854177868495658,0.001,-1.1994260939741652
three_RF,G2,25.0,114.65753424658,0.58339660524155,0.5843462915946238,0.001,0.9496863530737976
three_RF,G2,25.0,114.86301369863,0.58291998195302,0.5830762467338647,0.001,0.15626478084473927
three_RF,G2,25.0,115.06849315068,0.58127604702717,0.5815563125802592,0.001,0.28026555308924284
three_RF,G2,25.0,115.27397260274,0.57871429920327,0.5797177859878959,0.001,1.0034867846259177
three_RF,G2,25.0,115.47945205479,0.5783977211087,0.5774672155666188,0.001,-0.9305055420811836
three_RF,G2,25.0,115.68493150685,0.57598788021813,0.574675169260223,0.001,-1.3127109579069707
three_RF,G2,25.0,115.8904109589,0.56877476175673,0.5711587451391354,0.001,2.383983382405419
three_RF,G2,25.0,116.09589041096,0.56539422656924,0.5666536323435699,0.001,1.2594057743299247
three_RF,G2,25.0,116.30136986301,0.56166812573323,0.5607682088268863,0.001,-0.8999169063437229
three_RF,G2,25.0,116.50684931507,0.55405118821135,0.5529058019019729,0.001,-1.1453863093771055
three_RF,G2,25.0,116.71232876712,0.54203238759239,0.5421287324086296,0.001,0.09634481623954638
three_RF,G2,25.0,116.91780821918,0.52609506081269,0.5269127824582428,0.001,0.8177216455528269
three_RF,G2,25.0,117.12328767123,0.50454467273273,0.5046915029588377,0.001,0.14683022610773033
three_RF,G2,25.0,117.32876712329,0.47157759828551,0.47100325507708163,0.001,-0.5743432084283628
three_RF,G2,25.0,117.53424657534,0.41922915873297,0.4179842203693661,0.001,-1.244938363603898
three_RF,G2,25.0,117.7397260274,0.33288878990898,0.3325593892003548,0.001,-0.32940070862519377
three_RF,G2,25.0,117.94520547945,0.20047277688174,0.2006315465903883,0.001,0.158769708648282
three_RF,G2,25.0,118.15068493151,0.049752726745752,0.051052530501082605,0.001,1.2998037553306057
three_RF,G2,25.0,118.35616438356,0.0006866366091053,0.0005808983209785489,0.001,-0.10573828812675105
three_RF,G2,25.0,118.56164383562,0.00097264865969017,0.0015476087100396174,0.001,0.5749600503494474
three_RF,G2,25.0,118.76712328767,0.0035891644987066,0.004417892314913876,0.001,0.8287278162072759
three_RF,G2,25.0,118.97260273973,0.053618726579536,0.05290050509774339,0.001,-0.7182214817926108
three_RF,G2,25.0,119.17808219178,0.13152610990909,0.1309073354266299,0.001,-0.6187744824600883
three_RF,G2,25.0,119.38356164384,0.1924140582964,0.19251521157561277,0.001,0.1011532792127845
three_RF,G2,25.0,119.58904109589,0.22706220990774,0.22727565818252263,0.001,0.2134482747826183
three_RF,G2,25.0,119.79452054795,0.23598562849339,0.23684092786208766,0.001,0.8552993686976595
three_RF,G2,25.0,120.0,0.22186296461785,0.22323257540221822,0.001,1.3696107843682304
three_RF,G2,25.0,120.20547945205,0.18931307037437,0.18911815796327391,0.001,-0.19491241109609314
three_RF,G2,25.0,120.41095890411,0.14732133046627,0.14599321331076467,0.001,-1.3281171555053206
three_RF,G2,25.0,120.61643835616,0.1260437980948,0.1257746049283859,0.001,-0.2691931664141056
three_RF,G2,25.0,120.82191780822,0.16997281681014,0.17035739628083651,0.001,0.38457947069650555
three_RF,G2,25.0,121.02739726027,0.27886136254764,0.2781382885680277,0.001,-0.7230739796122987
three_RF,G2,25.0,121.23287671233,0.38464413931437,0.38609578219168456,0.001,1.4516428773145296
three_RF,G2,25.0,121.43835616438,0.46058851529309,0.4601919221122328,0.001,-0.3965931808571632
three_RF,G2,25.0,121.64383561644,0.50577925040621,0.5053651835046281,0.001,-0.41406690158185544
three_RF,G2,25.0,121.84931506849,0.53465148019458,0.532715536090212,0.001,-1.935944104367926
three_RF,G2,25.0,122.05479452055,0.54936328936493,0.5497907870989217,0.001,0.42749773399175517
three_RF,G2,25.0,122.2602739726,0.56215562948925,0.560886622068056,0.001,-1.2690074211940683
three_RF,G2,25.0,122.46575342466,0.56859181083624,0.568388634016744,0.001,-0.2031768194959982
three_RF,G2,25.0,122.67123287671,0.57285966632551,0.5736480541717053,0.001,0.788387846195282
three_RF,G2,25.0,122.87671232877,0.57837627649798,0.5774558283403659,0.001,-0.9204481576140511
three_RF,G2,25.0,123.08219178082,0.58094126876278,0.5802916376500693,0.001,-0.649631112710658
three_RF,G2,25.0,123.28767123288,0.58102936135927,0.5824565065924453,0.001,1.427145233175331
three_RF,G2,25.0,123.49315068493,0.58427612198884,0.584145417106389,0.001,-0.13070488245103817
three_RF,G2,25.0,123.69863013699,0.58525115494746,0.5854883570848868,0.001,0.23720213742672858
three_RF,G2,25.0,123.90410958904,0.58698324116992,0.5865742750164581,0.001,-0.40896615346186493
three_RF,G2,25.0,124.1095890411,0.58777847789031,0.5874654884657212,0.001,-0.3129894245887943
three_RF,G2,25.0,124.31506849315,0.58747423709496,0.5882065980189422,0.001,0.7323609239821005
three_RF,G2,25.0,124.52054794521,0.58790485185402,0.5888301468932395,0.001,0.9252950392195647
three_RF,G2,25.0,124.72602739726,0.58879521779875,0.5893603009199094,0.001,0.5650831211594376
three_RF,G2,25.0,124.93150684932,0.58956243573725,0.5898152941761905,0.001,0.2528584389405175
three_RF,G2,25.0,125.13698630137,0.59029654942858,0.5902090872277785,0.001,-0.08746220080146916
three_RF,G2,25.0,125.34246575342,0.59279398963418,0.5905525124016592,0.001,-2.241477232520772
three_RF,G2,25.0,125.54794520548,0.58999560120919,0.5908540783259264,0.001,0.858477116736367
three_RF,G2,25.0,125.75342465753,0.58977726243855,0.5911205440326218,0.001,1.3432815940718212
three_RF,G2,25.0,125.95890410959,0.59211916226133,0.5913573346033763,0.001,-0.7618276579537397
three_RF,G2,25.0,126.16438356164,0.59183427508517,0.5915688461516715,0.001,-0.2654289334984572
three_RF,G2,25.0,126.3698630137,0.59277910891285,0.5917586723955333,0.001,-1.0204365173167584
three_RF,G2,25.0,126.57534246575,0.59227200536894,0.5919297749121197,0.001,-0.3422304568202472
three_RF,G2,25.0,126.78082191781,0.59087184810648,0.5920846124186782,0.001,1.212764312198189
three_RF,G2,25.0,126.98630136986,0.59189881175439,0.5922252398662777,0.001,0.32642811188776655
three_RF,G2,25.0,127.19178082192,0.59109253097072,0.5923533850053818,0.001,1.260854034661807
three_RF,G2,25.0,127.39726027397,0.59370209230276,0.5924705079163315,0.001,-1.2315843864285636
three_RF,G2,25.0,127.60273972603,0.59194925840407,0.5925778474328507,0.001,0.6285890287807128
three_RF,G2,25.0,127.80821917808,0.59429092537462,0.5926764572480948,0.001,-1.6144681265252148
three_RF,G2,25.0,128.01369863014,0.59273532941678,0.5927672335957667,0.001,0.03190417898668585
three_RF,G2,25.0,128.21917808219,0.59431665325976,0.5928509355904085,0.001,-1.4657176693515517
three_RF,G2,25.0,128.42465753425,0.59258176150542,0.5929281984728599,0.001,0.346436967439967
three_RF,G2,25.0,128.6301369863,0.59192276936952,0.5929995388083785,0.001,1.0767694388584825
three_RF,G2,25.0,128.83561643836,0.59262500526202,0.5930653486676158,0.001,0.4403434055958444
three_RF,G2,25.0,129.04109589041,0.5929608690803,0.5931258717252648,0.001,0.16500264496477346
three_RF,G2,25.0,129.24657534247,0.5904435955525,0.5931811449694498,0.001,2.737549416949814
three_RF,G2,25.0,129.45205479452,0.59566914976757,0.5932308665857448,0.001,-2.4382831818252626
three_RF,G2,25.0,129.65753424658,0.59424523261147,0.5932740861256534,0.001,-0.971146485816643
three_RF,G2,25.0,129.86301369863,0.59377151675847,0.5933084081830907,0.001,-0.4631085753792341
three_RF,G2,25.0,130.06849315068,0.59083802175455,0.5933276271390604,0.001,2.489605384510374
three_RF,G2,25.0,130.27397260274,0.59216259409681,0.5933129918723996,0.001,1.1503977755895622
three_RF,G2,25.0,130.47945205479,0.5937677155342,0.593187289146657,0.001,-0.580426387543076
three_RF,G2,25.0,130.68493150685,0.59257752301008,0.5923292313013938,0.001,-0.2482917086862324
three_RF,G2,25.0,130.8904109589,0.57446427044966,0.5754547446766037,0.001,0.9904742269437605
three_RF,G2,25.0,131.09589041096,0.59181514685865,0.5921496546271742,0.001,0.33450776852417263
three_RF,G2,25.0,131.30136986301,0.58818725544935,0.5881683052647455,0.001,-0.01895018460451592
three_RF,G2,25.0,131.50684931507,0.59135131598056,0.5931943918458742,0.001,1.843075865314181
three_RF,G2,25.0,131.71232876712,0.59400460655893,0.593496339638304,0.001,-0.5082669206259993
three_RF,G2,25.0,131.91780821918,0.59320775861061,0.5935915405506078,0.001,0.38378193999777377
three_RF,G2,25.0,132.12328767123,0.593069881449,0.5936430729263338,0.001,0.573191477333812
three_RF,G2,25.0,132.32876712329,0.59262711304739,0.5936756959730543,0.001,1.048582925664232
three_RF,G2,25.0,132.53424657534,0.59329224451049,0.5936951120200892,0.001,0.4028675095991696
three_RF,G2,25.0,132.7397260274,0.59299970786837,0.5937029229569569,0.001,0.7032150885869504
three_RF,G2,25.0,132.94520547945,0.5943641809016,0.5937093597759201,0.001,-0.6548211256799386
three_RF,G2,25.0,133.15068493151,0.59431618944652,0.5937384511406627,0.001,-0.5777383058572783
three_RF,G2,25.0,133.35616438356,0.5932950460477,0.5937785419458008,0.001,0.4834958981008164
three_RF,G2,25.0,133.56164383562,0.59344376241593,0.5938186566683497,0.001,0.37489425241965524
three_RF,G2,25.0,133.76712328767,0.59427969662377,0.5938638349290352,0.001,-0.4158616947348426
three_RF,G2,25.0,133.97260273973,0.59379038213755,0.5939008552074468,0.001,0.1104730698968659
three_RF,G2,25.0,134.17808219178,0.59497090966646,0.5939282295725693,0.001,-1.0426800938907466
three_RF,G2,25.0,134.38356164384,0.59424305073548,0.593949968128308,0.001,-0.2930826071719794
three_RF,G2,25.0,134.58904109589,0.594547668732,0.5939685942552129,0.001,-0.579074476787178
three_RF,G2,25.0,134.79452054795,0.59364995664143,0.5939853318856781,0.001,0.33537524424809284
three_RF,G2,25.0,135.0,0.59356099939351,0.5940007842298478,0.001,0.43978483633777543
three_RF,G2,50.0,105.0,0.59208056445057,0.5913393910342141,0.001,-0.7411734163559336
three_RF,G2,50.0,105.20547945205,0.59209285902153,0.5910978614539388,0.001,-0.9949975675911382
three_RF,G2,50.0,105.41095890411,0.59037577987062,0.5905507685349803,0.001,0.17498866436038707
three_RF,G2,50.0,105.61643835616,0.58759502507018,0.586484250290267,0.001,-1.1107747799130596
three_RF,G2,50.0,105.82191780822,0.58541526571859,0.5849053623069196,0.001,-0.5099034116704537
three_RF,G2,50.0,106.02739726027,0.57621399141699,0.575921074498017,0.001,-0.29291691897304073
three_RF,G2,50.0,106.23287671233,0.57454032848582,0.5749801996471856,0.001,0.43987116136556814
three_RF,G2,50.0,106.43835616438,0.58766702595854,0.5883360029029682,0.001,0.6689769444281346
three_RF,G2,50.0,106.64383561644,0.58977482320167,0.5896040864556954,0.001,-0.17073674597456456
three_RF,G2,50.0,106.84931506849,0.59123419701559,0.5898659425033104,0.001,-1.3682545122796208
three_RF,G2,50.0,107.05479452055,0.5883463755906,0.5898752013386643,0.001,1.5288257480643441
three_RF,G2,50.0,107.2602739726,0.5892179795327,0.589777297523407,0.001,0.5593179907069645
three_RF,G2,50.0,107.46575342466,0.58879297971447,0.5896101101414005,0.001,0.8171304269305457
three_RF,G2,50.0,107.67123287671,0.58929739328991,0.5893884088621868,0.001,0.09101557227675361
three_RF,G2,50.0,107.87671232877,0.5885462484867,0.5891577630501592,0.001,0.6115145634592034
three_RF,G2,50.0,108.08219178082,0.59015788521656,0.5889614945554872,0.001,-1.1963906610727992
three_RF,G2,50.0,108.28767123288,0.58745754338755,0.5887868879334721,0.001,1.329344545922151
three_RF,G2,50.0,108.49315068493,0.58750587661705,0.5886907753859846,0.001,1.1848987689345725
three_RF,G2,50.0,108.69863013699,0.58773855242757,0.5885946169967483,0.001,0.8560645691783053
three_RF,G2,50.0,108.90410958904,0.58693364961718,0.5884246958672646,0.001,1.491046250084671
three_RF,G2,50.0,109.1095890411,0.58632572849284,0.588197150543573,0.001,1.8714220507329848
three_RF,G2,50.0,109.31506849315,0.58777182262004,0.5879311790153385,0.001,0.15935639529851553
three_RF,G2,50.0,109.52054794521,0.58605692762286,0.5876352120866398,0.001,1.5782844637798332
three_RF,G2,50.0,109.72602739726,0.58677468224208,0.5873118790581536,0.001,0.5371968160736706
three_RF,G2,50.0,109.93150684932,0.58673577602953,0.5869611326862074,0.001,0.22535665667744453
three_RF,G2,50.0,110.13698630137,0.5857018711456,0.5865815646211079,0.001,0.87969347550787
three_RF,G2,50.0,110.34246575342,0.58548056181548,0.5861709312997045,0.001,0.6903694842245178
three_RF,G2,50.0,110.54794520548,0.58698148003899,0.5857263540768194,0.001,-1.255125962170589
three_RF,G2,50.0,110.75342465753,0.58596698482863,0.5852443758594361,0.001,-0.7226089691938498
three_RF,G2,50.0,110.95890410959,0.58642873950088,0.584720946090431,0.001,-1.707793410449021
three_RF,G2,50.0,111.16438356164,0.58299597689316,0.5841513626904419,0.001,1.155385797281916
three_RF,G2,50.0,111.3698630137,0.58329287847569,0.5835301815379182,0.001,0.2373030622282446
three_RF,G2,50.0,111.57534246575,0.58405299748886,0.5828510957032954,0.001,-1.201901785564563
three_RF,G2,50.0,111.78082191781,0.58216167042904,0.5821067821026266,0.001,-0.054888326413427
three_RF,G2,50.0,111.98630136986,0.5805155828361,0.5812887100132987,0.001,0.7731271771986847
three_RF,G2,50.0,112.19178082192,0.58052630885276,0.5803869029899295,0.001,-0.1394058628305661
three_RF,G2,50.0,112.39726027397,0.57884310534934,0.5793896424614148,0.001,0.546537112074752
three_RF,G2,50.0,112.60273972603,0.57905101489689,0.5782830972739739,0.001,-0.7679176229161699
three_RF,G2,50.0,112.80821917808,0.57752613857565,0.577050858185118,0.001,-0.475280390532018
three_RF,G2,50.0,113.01369863014,0.57356373103802,0.5756733492350203,0.001,2.1096181970002847
three_RF,G2,50.0,113.21917808219,0.57295590666904,0.5741270782813512,0.001,1.1711716123112836
three_RF,G2,50.0,113.42465753425,0.57451286655392,0.5723836756080236,0.001,-2.1291909458963643
three_RF,G2,50.0,113.6301369863,0.5696863908554,0.5704086509322621,0.001,0.7222600768621579
three_RF,G2,50.0,113.83561643836,0.56695520429348,0.568159772830434,0.001,1.2045685369539427
three_RF,G2,50.0,114.04109589041,0.56572301086525,0.5655849372960474,0.001,-0.13807356920259028
three_RF,G2,50.0,114.24657534247,0.5620363695197,0.5626193385515802,0.001,0.5829690318801539
three_RF,G2,50.0,114.45205479452,0.55973063126757,0.559181677727031,0.001,-0.5489535405389656
three_RF,G2,50.0,114.65753424658,0.55677264686308,0.5551690320641545,0.001,-1.6036147989255678
three_RF,G2,50.0,114.86301369863,0.55074481080234,0.550449841749302,0.001,-0.2949690530379412
three_RF,G2,50.0,115.06849315068,0.54610741921802,0.5448542281257631,0.001,-1.2531910922568557
three_RF,G2,50.0,115.27397260274,0.53916488561183,0.538160500081749,0.001,-1.0043855300809756
three_RF,G2,50.0,115.47945205479,0.52933393348315,0.5300761870870504,0.001,0.7422536039003447
three_RF,G2,50.0,115.68493150685,0.52063041963069,0.52021120425007,0.001,-0.4192153806200638
three_RF,G2,50.0,115.8904109589,0.50763137274184,0.5080397787527038,0.001,0.40840601086378214
three_RF,G2,50.0,116.09589041096,0.4928906063694,0.4928466578489522,0.001,-0.043948520447811834
three_RF,G2,50.0,116.30136986301,0.47467131552991,0.4736524991234531,0.001,-1.0188164064569016
three_RF,G2,50.0,116.50684931507,0.44887593404005,0.44911555920122537,0.001,0.23962516117537191
three_RF,G2,50.0,116.71232876712,0.41679468969348,0.4174194640423312,0.001,0.6247743488512203
three_RF,G2,50.0,116.91780821918,0.37696390165625,0.376200936899335,0.001,-0.7629647569150078
three_RF,G2,50.0,117.12328767123,0.3226862120617,0.3226960720177385,0.001,0.009859956038471562
three_RF,G2,50.0,117.32876712329,0.25520074067453,0.2546240356934351,0.001,-0.576704981094911
three_RF,G2,50.0,117.53424657534,0.17270591825691,0.17303733799910018,0.001,0.3314197421901699
three_RF,G2,50.0,117.7397260274,0.089137539781526,0.08849022301833671,0.001,-0.6473167631892845
three_RF,G2,50.0,117.94520547945,0.024479138114215,0.025572542340855566,0.001,1.0934042266405666
three_RF,G2,50.0,118.15068493151,0.0022136887095815,0.0023424142995839728,0.001,0.12872559000247277
three_RF,G2,50.0,118.35616438356,-0.0014797676523064,-0.000261993113515635,0.001,1.217774538790765
three_RF,G2,50.0,118.56164383562,-0.00082665598603601,-0.0007045141748909738,0.001,0.12214181114503621
three_RF,G2,50.0,118.76712328767,-0.0012856731386571,0.00019649983647308417,0.001,1.4821729751301842
three_RF,G2,50.0,118.97260273973,0.001780077655046,0.0010900594522938434,0.001,-0.6900182027521565
three_RF,G2,50.0,119.17808219178,0.0074554154222496,0.005912038322231112,0.001,-1.5433771000184877
three_RF,G2,50.0,119.38356164384,0.01146109770685,0.01493047414212807,0.001,3.46937643527807
three_RF,G2,50.0,119.58904109589,0.024180810028352,0.02375780628757358,0.001,-0.4230037407784194
three_RF,G2,50.0,119.79452054795,0.027220821268259,0.02786197906275819,0.001,0.6411577944991885
three_RF,G2,50.0,120.0,0.025754830100269,0.025850179551295142,0.001,0.09534945102614156
three_RF,G2,50.0,120.20547945205,0.019149771177173,0.019968248271202443,0.001,0.8184770940294419
three_RF,G2,50.0,120.41095890411,0.013075518674369,0.014808649041808179,0.001,1.7331303674391791
three_RF,G2,50.0,120.61643835616,0.015104159841757,0.015271048157337137,0.001,0.16688831558013711
three_RF,G2,50.0,120.82191780822,0.028890282193046,0.029555923774037533,0.001,0.6656415809915341
three_RF,G2,50.0,121.02739726027,0.07538128919832,0.0750779232826133,0.001,-0.3033659157067048
three_RF,G2,50.0,121.23287671233,0.15729174226684,0.1574606469518976,0.001,0.16890468505759149
three_RF,G2,50.0,121.43835616438,0.25248109192055,0.2521807386519579,0.001,-0.30035326859212397
three_RF,G2,50.0,121.64383561644,0.33500729616994,0.33477979685859593,0.001,-0.22749931134408152
three_RF,G2,50.0,121.84931506849,0.39809209869385,0.39782020809368357,0.001,-0.2718906001664134
three_RF,G2,50.0,122.05479452055,0.44382563323958,0.44353378222960027,0.001,-0.2918510099797489
three_RF,G2,50.0,122.2602739726,0.47714201901507,0.4763394788961442,0.001,-0.8025401189257764
three_RF,G2,50.0,122.46575342466,0.5006913360407,0.5000795564426832,0.001,-0.6117795980168372
three_RF,G2,50.0,122.67123287671,0.51657841719448,0.5175419192768786,0.001,0.9635020823985929
three_RF,G2,50.0,122.87671232877,0.53146365785289,0.5306342514175348,0.001,-0.8294064353551178
three_RF,G2,50.0,123.08219178082,0.54079812481062,0.5406425502613175,0.001,-0.15557454930248404
three_RF,G2,50.0,123.28767123288,0.54781167492424,0.548436848654652,0.001,0.625173730412043
three_RF,G2,50.0,123.49315068493,0.55518854320246,0.5546127972539735,0.001,-0.5757459484865279
three_RF,G2,50.0,123.69863013699,0.55972063444423,0.5595845456117566,0.001,-0.1360888324734022
three_RF,G2,50.0,123.90410958904,0.56418705078567,0.5636448987954612,0.001,-0.5421519902087946
three_RF,G2,50.0,124.1095890411,0.56736630795756,0.5670043783657974,0.001,-0.36192959176262196
three_RF,G2,50.0,124.31506849315,0.56871750382031,0.5698168342247293,0.001,1.0993304044192298
three_RF,G2,50.0,124.52054794521,0.57223301292167,0.5721964603532417,0.001,-0.036552568428271925
three_RF,G2,50.0,124.72602739726,0.57427974220757,0.5742292658248592,0.001,-0.05047638271082899
three_RF,G2,50.0,124.93150684932,0.57769496069943,0.5759809249154912,0.001,-1.7140357839388054
three_RF,G2,50.0,125.13698630137,0.5764257122967,0.577502229777267,0.001,1.0765174805669186
three_RF,G2,50.0,125.34246575342,0.57837658355575,0.5788329329369741,0.001,0.4563493812241859
three_RF,G2,50.0,125.54794520548,0.57925033180809,0.5800044928109297,0.001,0.7541610028396484
three_RF,G2,50.0,125.75342465753,0.58070967950517,0.5810420614002523,0.001,0.33238189508222327
three_RF,G2,50.0,125.95890410959,0.58309049955881,0.5819659413669291,0.001,-1.1245581918808423
three_RF,G2,50.0,126.16438356164,0.58355397768949,0.5827926667499044,0.001,-0.7613109395856466
three_RF,G2,50.0,126.3698630137,0.58465498186337,0.583535813406893,0.001,-1.119168456476971
three_RF,G2,50.0,126.57534246575,0.58377466805753,0.5842066130410453,0.001,0.43194498351528665
three_RF,G2,50.0,126.78082191781,0.58625151613012,0.5848144228375936,0.001,-1.4370932925265034
three_RF,G2,50.0,126.98630136986,0.583158540741,0.5853670877280667,0.001,2.2085469870666286
three_RF,G2,50.0,127.19178082192,0.58600156560263,0.5858712218645586,0.001,-0.1303437380713035
three_RF,G2,50.0,127.39726027397,0.58710951654047,0.5863324284951449,0.001,-0.7770880453250584
three_RF,G2,50.0,127.60273972603,0.58596203434514,0.5867554720863901,0.001,0.7934377412500693
three_RF,G2,50.0,127.80821917808,0.5873649418,0.5871444125420544,0.001,-0.22052925794557865
three_RF,G2,50.0,128.01369863014,0.58712455315621,0.5875027081340406,0.001,0.3781549778305582
three_RF,G2,50.0,128.21917808219,0.58723333527794,0.5878332908497506,0.001,0.5999555718105842
three_RF,G2,50.0,128.42465753425,0.5880207718108,0.5881386145816605,0.001,0.11784277086046568
three_RF,G2,50.0,128.6301369863,0.58714535369203,0.5884206719309202,0.001,1.2753182388901552
three_RF,G2,50.0,128.83561643836,0.59021491914977,0.5886809672682286,0.001,-1.5339518815413733
three_RF,G2,50.0,129.04109589041,0.58581667827256,0.5889204170965113,0.001,3.1037388239513186
three_RF,G2,50.0,129.24657534247,0.58938088006715,0.589139111071807,0.001,-0.24176899534289475
three_RF,G2,50.0,129.45205479452,0.59092374624732,0.5893357724119012,0.001,-1.5879738354188655
three_RF,G2,50.0,129.65753424658,0.58963263400999,0.5895064918296405,0.001,-0.12614218034945335
three_RF,G2,50.0,129.86301369863,0.59016492837886,0.5896414643523753,0.001,-0.5234640264847323
three_RF,G2,50.0,130.06849315068,0.58896416891241,0.5897152513301,0.001,0.7510824176900632
three_RF,G2,50.0,130.27397260274,0.59079637361531,0.589650553945967,0.001,-1.1458196693430178
three_RF,G2,50.0,130.47945205479,0.58891678758386,0.58912544173932,0.001,0.20865415546000854
three_RF,G2,50.0,130.68493150685,0.58590265619229,0.585480743051446,0.001,-0.4219131408439436
three_RF,G2,50.0,130.8904109589,0.52564691741848,0.5255411601073442,0.001,-0.10575731113582343
three_RF,G2,50.0,131.09589041096,0.58399827940677,0.5851901106292968,0.001,1.1918312225268624
three_RF,G2,50.0,131.30136986301,0.56916687865606,0.5701180869108873,0.001,0.9512082548273071
three_RF,G2,50.0,131.50684931507,0.58886543721389,0.5892557961498504,0.001,0.39035893596039983
three_RF,G2,50.0,131.71232876712,0.59015717499481,0.5904003952440823,0.001,0.24322024927225794
three_RF,G2,50.0,131.91780821918,0.59016641898831,0.5907711369181609,0.001,0.6047179298508398
three_RF,G2,50.0,132.12328767123,0.5900393168833,0.5909734667613459,0.001,0.9341498780458535
three_RF,G2,50.0,132.32876712329,0.59115101382232,0.5911017231104109,0.001,-0.04929071190917789
three_RF,G2,50.0,132.53424657534,0.59028524720741,0.5911776376628003,0.001,0.8923904553902462
three_RF,G2,50.0,132.7397260274,0.59332213129987,0.5912077138548648,0.001,-2.114417445005179
three_RF,G2,50.0,132.94520547945,0.59311489879507,0.591234808057904,0.001,-1.8800907371659958
three_RF,G2,50.0,133.15068493151,0.59072524431937,0.5913536244946326,0.001,0.6283801752625662
three_RF,G2,50.0,133.35616438356,0.59143982874155,0.5915130511842117,0.001,0.07322244266172451
three_RF,G2,50.0,133.56164383562,0.59079126481812,0.5916735990117533,0.001,0.8823341936332607
three_RF,G2,50.0,133.76712328767,0.59115608558415,0.5918534045632943,0.001,0.697318979144268
three_RF,G2,50.0,133.97260273973,0.59183279992159,0.5919997291768616,0.001,0.1669292552716195
three_RF,G2,50.0,134.17808219178,0.59176852254809,0.5921080497939809,0.001,0.33952724589092487
three_RF,G2,50.0,134.38356164384,0.59193518348134,0.5921942943395221,0.001,0.2591108581820878
three_RF,G2,50.0,134.58904109589,0.59180231178964,0.5922683255968048,0.001,0.4660138071647113
three_RF,G2,50.0,134.79452054795,0.59159192906789,0.5923349226168326,0.001,0.7429935489425832
three_RF,G2,50.0,135.0,0.59201268353814,0.5923964450730228,0.001,0.3837615348828427
three_RF,G2,100.0,105.0,0.58226994807117,0.5819231900875041,0.001,-0.3467579836659018
three_RF,G2,100.0,105.20547945205,0.58041550056389,0.5810291481643898,0.001,0.613647600499756
three_RF,G2,100.0,105.41095890411,0.57851915388424,0.5791347038700723,0.001,0.6155499858322422
three_RF,G2,100.0,105.61643835616,0.56800299902439,0.5680424330579886,0.001,0.03943403359862874
three_RF,G2,100.0,105.82191780822,0.55062043994467,0.5511243138536135,0.001,0.5038739089434641
three_RF,G2,100.0,106.02739726027,0.53830647698143,0.5388519494750206,0.001,0.5454724935906041
three_RF,G2,100.0,106.23287671233,0.49477780644968,0.4953839399827499,0.001,0.6061335330698747
three_RF,G2,100.0,106.43835616438,0.56870402613763,0.5687402576873907,0.001,0.036231549760623594
three_RF,G2,100.0,106.64383561644,0.57547829361174,0.5747810889947501,0.001,-0.6972046169898549
three_RF,G2,100.0,106.84931506849,0.57628592320722,0.5760135952618566,0.001,-0.2723279453634708
three_RF,G2,100.0,107.05479452055,0.57624671399431,0.5761227744321161,0.001,-0.12393956219391988
three_RF,G2,100.0,107.2602739726,0.57621856897545,0.5757793117332259,0.001,-0.43925724222404483
three_RF,G2,100.0,107.46575342466,0.57692283894155,0.575156662129228,0.001,-1.7661768123220511
three_RF,G2,100.0,107.67123287671,0.57360188048928,0.5743138961242882,0.001,0.712015635008223
three_RF,G2,100.0,107.87671232877,0.57448918991178,0.5734084949456499,0.001,-1.080694966130058
three_RF,G2,100.0,108.08219178082,0.57247398444547,0.5726374673556731,0.001,0.16348291020307215
three_RF,G2,100.0,108.28767123288,0.57098367707932,0.571942131912507,0.001,0.9584548331870169
three_RF,G2,100.0,108.49315068493,0.57070015593242,0.5715372288805314,0.001,0.837072948111417
three_RF,G2,100.0,108.69863013699,0.5706534545387,0.5711912708100704,0.001,0.5378162713703949
three_RF,G2,100.0,108.90410958904,0.56941882446202,0.5705680341967249,0.001,1.1492097347048924
three_RF,G2,100.0,109.1095890411,0.56930095811732,0.5697116085453223,0.001,0.4106504280023682
three_RF,G2,100.0,109.31506849315,0.56717151915079,0.5687019209033016,0.001,1.5304017525116231
three_RF,G2,100.0,109.52054794521,0.56755727997306,0.567576129883146,0.001,0.018849910085938504
three_RF,G2,100.0,109.72602739726,0.56709929061343,0.5663468501076085,0.001,-0.7524405058214612
three_RF,G2,100.0,109.93150684932,0.56562442462535,0.5650154392044837,0.001,-0.6089854208662926
three_RF,G2,100.0,110.13698630137,0.56367071819421,0.5635777064610169,0.001,-0.09301173319309353
three_RF,G2,100.0,110.34246575342,0.56156300101589,0.5620262237105145,0.001,0.46322269462450993
three_RF,G2,100.0,110.54794520548,0.56045941085416,0.5603512414914812,0.001,-0.1081693626787672
three_RF,G2,100.0,110.75342465753,0.55875271983169,0.5585410039722268,0.001,-0.211715859463113
three_RF,G2,100.0,110.95890410959,0.55747260819647,0.5565817771536808,0.001,-0.8908310427891974
three_RF,G2,100.0,111.16438356164,0.55596499428879,0.5544577185162153,0.001,-1.507275772574701
three_RF,G2,100.0,111.3698630137,0.55098718409473,0.5521506400308307,0.001,1.1634559361006769
three_RF,G2,100.0,111.57534246575,0.54749004899108,0.5496396826101191,0.001,2.149633619039082
three_RF,G2,100.0,111.78082191781,0.54775762606286,0.5469009030776486,0.001,-0.8567229852114444
three_RF,G2,100.0,111.98630136986,0.5436399393749,0.54390676452545,0.001,0.26682515054998746
three_RF,G2,100.0,112.19178082192,0.54136753767609,0.5406255135638514,0.001,-0.7420241122386706
three_RF,G2,100.0,112.39726027397,0.53585192697135,0.5370204221107965,0.001,1.1684951394465015
three_RF,G2,100.0,112.60273972603,0.53266354431809,0.5330488670740089,0.001,0.3853227559188488
three_RF,G2,100.0,112.80821917808,0.53029075372822,0.5286612189991456,0.001,-1.6295347290743445
three_RF,G2,100.0,113.01369863014,0.52418419850467,0.5237995096176772,0.001,-0.38468888699283443
three_RF,G2,100.0,113.21917808219,0.51760779688638,0.518395843432425,0.001,0.7880465460449182
three_RF,G2,100.0,113.42465753425,0.51458375112936,0.5123704994792933,0.001,-2.2132516500666943
three_RF,G2,100.0,113.6301369863,0.50634045490406,0.5056296259738008,0.001,-0.7108289302591997
three_RF,G2,100.0,113.83561643836,0.49828766135213,0.49806237734644204,0.001,-0.22528400568794238
three_RF,G2,100.0,114.04109589041,0.48985257229082,0.489537357862084,0.001,-0.31521442873599925
three_RF,G2,100.0,114.24657534247,0.48028331919169,0.47989843594700005,0.001,-0.3848832446899375
three_RF,G2,100.0,114.45205479452,0.47021198911287,0.46896029637419395,0.001,-1.2516927386760357
three_RF,G2,100.0,114.65753424658,0.45740015042141,0.456503886562308,0.001,-0.89626385910202
three_RF,G2,100.0,114.86301369863,0.44266772765619,0.4422708348827747,0.001,-0.3968927734153138
three_RF,G2,100.0,115.06849315068,0.4257822550605,0.42595671045703365,0.001,0.17445539653365705
three_RF,G2,100.0,115.27397260274,0.40717349362034,0.4072085178567165,0.001,0.035024236376524076
three_RF,G2,100.0,115.47945205479,0.38514153673142,0.38562901612086453,0.001,0.48747938944454505
three_RF,G2,100.0,115.68493150685,0.35939434977885,0.3607807885600418,0.001,1.3864387811918233
three_RF,G2,100.0,115.8904109589,0.33180615798025,0.3322199942026039,0.001,0.4138362223539138
three_RF,G2,100.0,116.09589041096,0.29864926247439,0.2995545716341181,0.001,0.9053091597280849
three_RF,G2,100.0,116.30136986301,0.26210816837259,0.26256169359936593,0.001,0.45352522677594154
three_RF,G2,100.0,116.50684931507,0.22318646378281,0.22138251918783336,0.001,-1.803944594976653
three_RF,G2,100.0,116.71232876712,0.17505511384489,0.17684076521184386,0.001,1.7856513669538554
three_RF,G2,100.0,116.91780821918,0.12981325326727,0.13083869799886005,0.001,1.0254447315900528
three_RF,G2,100.0,117.12328767123,0.08608857366043,0.08668410572495569,0.001,0.5955320645256862
three_RF,G2,100.0,117.32876712329,0.050044244864274,0.04890553037120768,0.001,-1.1387144930663229
three_RF,G2,100.0,117.53424657534,0.022509984217894,0.02184170348087306,0.001,-0.668280737020941
three_RF,G2,100.0,117.7397260274,0.0061404595417494,0.007003071807949601,0.001,0.8626122662002011
three_RF,G2,100.0,117.94520547945,0.0019359660090302,0.0014830395709991917,0.001,-0.45292643803100835
three_RF,G2,100.0,118.15068493151,-4.9762680856404e-05,-3.0189791261162253e-06,0.001,0.04674370173028777
three_RF,G2,100.0,118.35616438356,-0.00045983228178751,3.935017685649905e-05,0.001,0.49918245864400906
three_RF,G2,100.0,118.56164383562,0.00019003258334555,-1.7072749779890998e-05,0.001,-0.20710533312544102
three_RF,G2,100.0,118.76712328767,-0.00046823023472926,0.00029874842298242875,0.001,0.7669786577116887
three_RF,G2,100.0,118.97260273973,0.0017556208151845,8.986866909047907e-05,0.001,-1.665752146094021
three_RF,G2,100.0,119.17808219178,-0.0012205336153918,8.482154968030291e-05,0.001,1.305355165072103
three_RF,G2,100.0,119.38356164384,5.7369633670188e-05,0.00022409606540734576,0.001,0.16672643173715776
three_RF,G2,100.0,119.58904109589,0.00033159527161462,0.0004254669120402558,0.001,0.09387164042563578
three_RF,G2,100.0,119.79452054795,0.00032461433300156,0.0006617611156573442,0.001,0.33714678265578424
three_RF,G2,100.0,120.0,0.002343785800556,0.0008917161852470034,0.001,-1.4520696153089967
three_RF,G2,100.0,120.20547945205,0.00070444117389391,0.001150801135986889,0.001,0.44635996209297896
three_RF,G2,100.0,120.41095890411,0.00020034161580353,0.0016407804097177201,0.001,1.44043879391419
three_RF,G2,100.0,120.61643835616,0.0036155336462335,0.0029206099419621266,0.001,-0.6949237042713735
three_RF,G2,100.0,120.82191780822,0.0070843672396083,0.006540891831076816,0.001,-0.5434754085314837
three_RF,G2,100.0,121.02739726027,0.014258226134431,0.016161343837050483,0.001,1.9031177026194828
three_RF,G2,100.0,121.23287671233,0.037369089668958,0.03734706895550123,0.001,-0.022020713456770424
three_RF,G2,100.0,121.43835616438,0.072577102795393,0.07367645188943775,0.001,1.0993490940447437
three_RF,G2,100.0,121.64383561644,0.12273067927007,0.1228130988820165,0.001,0.08241961194649372
three_RF,G2,100.0,121.84931506849,0.17870318758641,0.17803282436769188,0.001,-0.6703632187181063
three_RF,G2,100.0,122.05479452055,0.2318342240552,0.2326390191151116,0.001,0.8047950599116005
three_RF,G2,100.0,122.2602739726,0.28204307217326,0.28242268452007496,0.001,0.37961234681493927
three_RF,G2,100.0,122.46575342466,0.32436562053115,0.32566676886115475,0.001,1.3011483300047755
three_RF,G2,100.0,122.67123287671,0.36211329840199,0.36224410109441607,0.001,0.13080269242604636
three_RF,G2,100.0,122.87671232877,0.39401244619733,0.3927902311913584,0.001,-1.222215005971583
three_RF,G2,100.0,123.08219178082,0.41805755260962,0.41819284139117496,0.001,0.13528878155494306
three_RF,G2,100.0,123.28767123288,0.43837372616368,0.4393386660800663,0.001,0.9649399163862982
three_RF,G2,100.0,123.49315068493,0.45654366122021,0.4570119223790329,0.001,0.4682611588228691
three_RF,G2,100.0,123.69863013699,0.47086871096153,0.4718677612420482,0.001,0.9990502805182211
three_RF,G2,100.0,123.90410958904,0.48632843548574,0.4844380436726389,0.001,-1.8903918131011332
three_RF,G2,100.0,124.1095890411,0.49502174958562,0.49514853309913653,0.001,0.12678351351652628
three_RF,G2,100.0,124.31506849315,0.50607284302791,0.504338149859011,0.001,-1.7346931688989597
three_RF,G2,100.0,124.52054794521,0.51061040493196,0.5122765382585213,0.001,1.666133326561292
three_RF,G2,100.0,124.72602739726,0.51910401406066,0.5191787775151369,0.001,0.07476345447687827
three_RF,G2,100.0,124.93150684932,0.52406385792141,0.5252171835048509,0.001,1.153325583440945
three_RF,G2,100.0,125.13698630137,0.5312249831498,0.53053056866593,0.001,-0.6944144838700872
three_RF,G2,100.0,125.34246575342,0.53536026593586,0.5352314307405535,0.001,-0.12883519530648702
three_RF,G2,100.0,125.54794520548,0.53856577303881,0.5394115126248443,0.001,0.8457395860342887
three_RF,G2,100.0,125.75342465753,0.54459980076543,0.5431461036798271,0.001,-1.4536970856029452
three_RF,G2,100.0,125.95890410959,0.54563321008085,0.546497376069242,0.001,0.8641659883920072
three_RF,G2,100.0,126.16438356164,0.55002444668481,0.549516982612873,0.001,-0.5074640719370249
three_RF,G2,100.0,126.3698630137,0.55324013121287,0.5522480886649267,0.001,-0.9920425479432726
three_RF,G2,100.0,126.57534246575,0.55400267599251,0.5547269687685938,0.001,0.7242927760838791
three_RF,G2,100.0,126.78082191781,0.55776246728485,0.5569842670986724,0.001,-0.77820018617758
three_RF,G2,100.0,126.98630136986,0.55891942210106,0.5590459966693616,0.001,0.12657456830156288
three_RF,G2,100.0,127.19178082192,0.56097320823265,0.5609343340576655,0.001,-0.038874174984493415
three_RF,G2,100.0,127.39726027397,0.56393753709107,0.5626682524084444,0.001,-1.2692846826255488
three_RF,G2,100.0,127.60273972603,0.56431353628253,0.5642640244758478,0.001,-0.0495118066822231
three_RF,G2,100.0,127.80821917808,0.56611466476222,0.5657356184339453,0.001,-0.37904632827479023
three_RF,G2,100.0,128.01369863014,0.56683246478285,0.5670950009928909,0.001,0.262536210040909
three_RF,G2,100.0,128.21917808219,0.56679257981449,0.5683523537675499,0.001,1.5597739530598398
three_RF,G2,100.0,128.42465753425,0.56991334286423,0.5695161976436844,0.001,-0.39714522054556944
three_RF,G2,100.0,128.6301369863,0.57218519465272,0.5705934020449639,0.001,-1.591792607756104
three_RF,G2,100.0,128.83561643836,0.57109858846035,0.5715890225376945,0.001,0.4904340773445037
three_RF,G2,100.0,129.04109589041,0.57225652616593,0.5725058397992077,0.001,0.2493136332776258
three_RF,G2,100.0,129.24657534247,0.57210773260411,0.5733433099372707,0.001,1.235577333160709
three_RF,G2,100.0,129.45205479452,0.57501978378491,0.57409522137205,0.001,-0.9245624128599861
three_RF,G2,100.0,129.65753424658,0.57585041783732,0.5747441771140667,0.001,-1.1062407232533822
three_RF,G2,100.0,129.86301369863,0.57621287757751,0.5752472023646317,0.001,-0.9656752128783808
three_RF,G2,100.0,130.06849315068,0.57540051802461,0.575491951751276,0.001,0.09143372666597926
three_RF,G2,100.0,130.27397260274,0.577570816744,0.5751288330133324,0.001,-2.4419837306676184
three_RF,G2,100.0,130.47945205479,0.57356712413646,0.5726310648156769,0.001,-0.9360593207831114
three_RF,G2,100.0,130.68493150685,0.55394514250012,0.5539266568883477,0.001,-0.018485611772200983
three_RF,G2,100.0,130.8904109589,0.42372090531052,0.4228127936219383,0.001,-0.9081116885816809
three_RF,G2,100.0,131.09589041096,0.55875015548373,0.5594262957955897,0.001,0.6761403118596965
three_RF,G2,100.0,131.30136986301,0.52029640768093,0.5217440304631805,0.001,1.4476227822505239
three_RF,G2,100.0,131.50684931507,0.57492548423774,0.5746378766604687,0.001,-0.28760757727130937
three_RF,G2,100.0,131.71232876712,0.57727130700086,0.5783813156307401,0.001,1.1100086298800882
three_RF,G2,100.0,131.91780821918,0.58067535179796,0.5797185164202043,0.001,-0.9568353777557048
three_RF,G2,100.0,132.12328767123,0.57923987230293,0.5804705861444762,0.001,1.2307138415462715
three_RF,G2,100.0,132.32876712329,0.57971846095797,0.5809490603827246,0.001,1.2305994247546748
three_RF,G2,100.0,132.53424657534,0.58201455972906,0.581225372569379,0.001,-0.7891871596810152
three_RF,G2,100.0,132.7397260274,0.58041590648037,0.5813287473077036,0.001,0.9128408273335609
three_RF,G2,100.0,132.94520547945,0.58108495781297,0.5814624149871196,0.001,0.3774571741496091
three_RF,G2,100.0,133.15068493151,0.58358327897613,0.5819729269726074,0.001,-1.6103520035226637
three_RF,G2,100.0,133.35616438356,0.58019188932385,0.5825947722114966,0.001,2.4028828876465624
three_RF,G2,100.0,133.56164383562,0.58375168101403,0.5832393822794399,0.001,-0.5122987345900221
three_RF,G2,100.0,133.76712328767,0.58424665682408,0.5839421142261495,0.001,-0.30454259793044614
three_RF,G2,100.0,133.97260273973,0.58473449904121,0.584499943001121,0.001,-0.23455604008904007
three_RF,G2,100.0,134.17808219178,0.58487429257169,0.584915209998305,0.001,0.04091742661505027
three_RF,G2,100.0,134.38356164384,0.5855008003502,0.5852492693690282,0.001,-0.2515309811718103
three_RF,G2,100.0,134.58904109589,0.58516836494741,0.5855380476830392,0.001,0.3696827356292065
three_RF,G2,100.0,134.79452054795,0.58574402584341,0.5857989082291845,0.001,0.05488238577444626
three_RF,G2,100.0,135.0,0.58668972803649,0.5860404896284734,0.001,-0.6492384080165614
three_RF,S3,25.0,105.0,0.50491929993012,0.50590780046052,0.001,0.988500530400005
three_RF,S3,25.0,105.20547945205,0.50592256251954,0.5058877363555596,0.001,-0.03482616398042815
three_RF,S3,25.0,105.41095890411,0.50512894357483,0.5058654541761719,0.001,0.7365106013419442
three_RF,S3,25.0,105.61643835616,0.50550169154317,0.5058395526877999,0.001,0.3378611446298585
three_RF,S3,25.0,105.82191780822,0.5046588279194,0.5058074744998663,0.001,1.148646580466317
three_RF,S3,25.0,106.02739726027,0.50481314307331,0.505767086705666,0.001,0.9539436323559025
three_RF,S3,25.0,106.23287671233,0.50620566943456,0.5057239172066094,0.001,-0.4817522279506603
three_RF,S3,25.0,106.43835616438,0.50551239649119,0.5056817551501946,0.001,0.1693586590046925
three_RF,S3,25.0,106.64383561644,0.5058908490841,0.5056405395591058,0.001,-0.25030952499416337
three_RF,S3,25.0,106.84931506849,0.5056731344438,0.5056204183420934,0.001,-0.05271610170665131
three_RF,S3,25.0,107.05479452055,0.50640556104433,0.5056121040312402,0.001,-0.7934570130897489
three_RF,S3,25.0,107.2602739726,0.50610810724158,0.5055971701396769,0.001,-0.5109371019030862
three_RF,S3,25.0,107.46575342466,0.50428874989288,0.5055725251081192,0.001,1.2837752152392579
three_RF,S3,25.0,107.67123287671,0.50506390896146,0.5055384735939662,0.001,0.4745646325061692
three_RF,S3,25.0,107.87671232877,0.5048698921543,0.5054931134195864,0.001,0.6232212652863556
three_RF,S3,25.0,108.08219178082,0.50465077194323,0.5054286857567286,0.001,0.7779138134985653
three_RF,S3,25.0,108.28767123288,0.50631086065757,0.5053167736181254,0.001,-0.9940870394445911
three_RF,S3,25.0,108.49315068493,0.50363037787524,0.5049831044949195,0.001,1.3527266196794452
three_RF,S3,25.0,108.69863013699,0.50290682968209,0.5019268637970145,0.001,-0.9799658850755399
three_RF,S3,25.0,108.90410958904,0.50499422714623,0.5037674341106274,0.001,-1.2267930356025802
three_RF,S3,25.0,109.1095890411,0.49462840938919,0.49402053470844776,0.001,-0.6078746807422486
three_RF,S3,25.0,109.31506849315,0.50360075904471,0.5039474763188042,0.001,0.3467172740941882
three_RF,S3,25.0,109.52054794521,0.5033743995736,0.504903399736151,0.001,1.5290001625509753
three_RF,S3,25.0,109.72602739726,0.50479149432845,0.5050501524002285,0.001,0.25865807177849476
three_RF,S3,25.0,109.93150684932,0.50448380799359,0.5050660628613262,0.001,0.5822548677361095
three_RF,S3,25.0,110.13698630137,0.50472042476304,0.5050412416097694,0.001,0.32081684672935484
three_RF,S3,25.0,110.34246575342,0.50549748901221,0.5049979919442801,0.001,-0.49949706792995485
three_RF,S3,25.0,110.54794520548,0.50436862854205,0.5049437644335638,0.001,0.5751358915138116
three_RF,S3,25.0,110.75342465753,0.50649383774638,0.5048814482175549,0.001,-1.6123895288251422
three_RF,S3,25.0,110.95890410959,0.50469995988984,0.5048121879877627,0.001,0.112228097922773
three_RF,S3,25.0,111.16438356164,0.50588624694494,0.5047363390185402,0.001,-1.1499079263997958
three_RF,S3,25.0,111.3698630137,0.50594638668806,0.5046538404540079,0.001,-1.292546234052172
three_RF,S3,25.0,111.57534246575,0.50559750964642,0.5045643747765057,0.001,-1.0331348699142984
three_RF,S3,25.0,111.78082191781,0.50571789139745,0.5044674378897112,0.001,-1.2504535077388912
three_RF,S3,25.0,111.98630136986,0.50456137829972,0.5043623672335807,0.001,-0.19901106613928743
three_RF,S3,25.0,112.19178082192,0.5038322552486,0.5042483475508134,0.001,0.4160923022134
three_RF,S3,25.0,112.39726027397,0.50463505029111,0.5041244027675783,0.001,-0.5106475235316932
three_RF,S3,25.0,112.60273972603,0.50354061959671,0.5039893774516462,0.001,0.44875785493614373
three_RF,S3,25.0,112.80821917808,0.50469336848529,0.5038419088034515,0.001,-0.8514596818385289
three_RF,S3,25.0,113.01369863014,0.50307163677543,0.5036803886163252,0.001,0.6087518408952608
three_RF,S3,25.0,113.21917808219,0.50411528057889,0.50350291348149,0.001,-0.6123670973999795
three_RF,S3,25.0,113.42465753425,0.50290296037483,0.5033072203792244,0.001,0.4042600043944189
three_RF,S3,25.0,113.6301369863,0.50248107822999,0.5030906034591694,0.001,0.6095252291794528
three_RF,S3,25.0,113.83561643836,0.50316654462571,0.5028498060505971,0.001,-0.3167385751128293
three_RF,S3,25.0,114.04109589041,0.50190023971153,0.5025808795248551,0.001,0.6806398133251124
three_RF,S3,25.0,114.24657534247,0.50169590627588,0.5022789971437487,0.001,0.5830908678686741
three_RF,S3,25.0,114.45205479452,0.5049209986724,0.5019382059754285,0.001,-2.982792696971548
three_RF,S3,25.0,114.65753424658,0.5013679902169,0.501551092419721,0.001,0.18310220282091727
three_RF,S3,25.0,114.86301369863,0.50209901014846,0.5011083255560475,0.001,-0.9906845924125829
three_RF,S3,25.0,115.06849315068,0.50013945426897,0.5005980250843093,0.001,0.45857081533928756
three_RF,S3,25.0,115.27397260274,0.50166658509192,0.5000048734315417,0.001,-1.6617116603783177
three_RF,S3,25.0,115.47945205479,0.50145220689917,0.4993088483211407,0.001,-2.1433585780293307
three_RF,S3,25.0,115.68493150685,0.49890594983952,0.49848338183799185,0.001,-0.4225680015281785
three_RF,S3,25.0,115.8904109589,0.4976054061075,0.4974926355863451,0.001,-0.11277052115488129
three_RF,S3,25.0,116.09589041096,0.49598130056151,0.4962873840283787,0.001,0.3060834668686674
three_RF,S3,25.0,116.30136986301,0.49441824165127,0.4947986549396942,0.001,0.3804132884241973
three_RF,S3,25.0,116.50684931507,0.49121468794505,0.49292766423553475,0.001,1.7129762904847246
three_RF,S3,25.0,116.71232876712,0.49008268654528,0.49052946262896485,0.001,0.4467760836848744
three_RF,S3,25.0,116.91780821918,0.48699289011303,0.48738560613839443,0.001,0.39271602536444794
three_RF,S3,25.0,117.12328767123,0.4825860332081,0.4831571036975627,0.001,0.5710704894626994
three_RF,S3,25.0,117.32876712329,0.47811758871836,0.4773009223969459,0.001,-0.816666321414139
three_RF,S3,25.0,117.53424657534,0.46873024678587,0.4689176361634112,0.001,0.18738937754120277
three_RF,S3,25.0,117.7397260274,0.45558276142357,0.4564682389131895,0.001,0.8854774896194795
three_RF,S3,25.0,117.94520547945,0.43516054632327,0.4372528877653866,0.001,2.0923414421166187
three_RF,S3,25.0,118.15068493151,0.40587470025518,0.40654271005595877,0.001,0.668009800778746
three_RF,S3,25.0,118.35616438356,0.35656724979253,0.35674489990322383,0.001,0.17765011069381664
three_RF,S3,25.0,118.56164383562,0.28083761451322,0.2800104745323855,0.001,-0.8271399808345015
three_RF,S3,25.0,118.76712328767,0.18638526552672,0.18528449652526224,0.001,-1.100769001457752
three_RF,S3,25.0,118.97260273973,0.1174817759243,0.11904786377736443,0.001,1.5660878530644322
three_RF,S3,25.0,119.17808219178,0.11303205048001,0.11416754040032837,0.001,1.1354899203183666
three_RF,S3,25.0,119.38356164384,0.15009624850519,0.14902444732942238,0.001,-1.071801175767606
three_RF,S3,25.0,119.58904109589,0.18980486422881,0.18948409563043578,0.001,-0.32076859837421035
three_RF,S3,25.0,119.79452054795,0.21735293403478,0.21748298331156307,0.001,0.13004927678306188
three_RF,S3,25.0,120.0,0.22717392575927,0.22892648100212454,0.001,1.752555242854531
three_RF,S3,25.0,120.20547945205,0.22414398382043,0.22373115160034454,0.001,-0.41283222008545173
three_RF,S3,25.0,120.41095890411,0.20396766089961,0.20123938413012482,0.001,-2.7282767694851717
three_RF,S3,25.0,120.61643835616,0.16074387284904,0.15955971558501414,0.001,-1.184157264025848
three_RF,S3,25.0,120.82191780822,0.099314243852056,0.09868972310345765,0.001,-0.6245207485983534
three_RF,S3,25.0,121.02739726027,0.033621638148345,0.032981660484467594,0.001,-0.6399776638774043
three_RF,S3,25.0,121.23287671233,0.002014869624514,0.0016448289438348882,0.001,-0.37004068067911167
three_RF,S3,25.0,121.43835616438,-0.0010805753812262,0.00038756497520908836,0.001,1.4681403564352884
three_RF,S3,25.0,121.64383561644,0.00079732857980935,9.382388048921076e-05,0.001,-0.7035046993201391
three_RF,S3,25.0,121.84931506849,0.020595595830169,0.022411249069910683,0.001,1.8156532397416818
three_RF,S3,25.0,122.05479452055,0.12502918645778,0.12390466971825143,0.001,-1.1245167395285693
three_RF,S3,25.0,122.2602739726,0.23570261470576,0.23557463644218327,0.001,-0.12797826357674458
three_RF,S3,25.0,122.46575342466,0.3168067406808,0.3163603084073228,0.001,-0.44643227347718195
three_RF,S3,25.0,122.67123287671,0.36981725956086,0.36973974808317644,0.001,-0.07751147768353395
three_RF,S3,25.0,122.87671232877,0.40392785014172,0.4050350360750832,0.001,1.107185933363175
three_RF,S3,25.0,123.08219178082,0.42692144786404,0.42897118000240675,0.001,2.0497321383667333
three_RF,S3,25.0,123.28767123288,0.44519854172535,0.44570310652222234,0.001,0.504564796872331
three_RF,S3,25.0,123.49315068493,0.4580765990563,0.457746235527846,0.001,-0.33036352845400296
three_RF,S3,25.0,123.69863013699,0.46813485822115,0.4666473006251957,0.001,-1.4875575959542586
three_RF,S3,25.0,123.90410958904,0.47404308587422,0.47338242308520373,0.001,-0.6606627890162753
three_RF,S3,25.0,124.1095890411,0.4777340233808,0.47858513713122,0.001,0.8511137504199628
three_RF,S3,25.0,124.31506849315,0.48245832246607,0.4826779321961594,0.001,0.21960973008938733
three_RF,S3,25.0,124.52054794521,0.48492484823999,0.4859497428601763,0.001,1.0248946201862896
three_RF,S3,25.0,124.72602739726,0.48871347419477,0.4886027635843871,0.001,-0.11071061038292473
three_RF,S3,25.0,124.93150684932,0.49014767171161,0.49078147021441415,0.001,0.6337985028041504
three_RF,S3,25.0,125.13698630137,0.49168665382805,0.4925910636376025,0.001,0.904409809552531
three_RF,S3,25.0,125.34246575342,0.49358900102458,0.49410946757533664,0.001,0.5204665507566597
three_RF,S3,25.0,125.54794520548,0.49517226311056,0.4953953038854164,0.001,0.22304077485640894
three_RF,S3,25.0,125.75342465753,0.49680478600952,0.496493300783145,0.001,-0.31148522637497456
three_RF,S3,25.0,125.95890410959,0.49887063002593,0.4974380282094594,0.001,-1.4326018164705911
three_RF,S3,25.0,126.16438356164,0.49633303329343,0.49825652174119317,0.001,1.9234884477631886
three_RF,S3,25.0,126.3698630137,0.49823795420512,0.4989701546648564,0.001,0.7322004597363763
three_RF,S3,25.0,126.57534246575,0.50077339620077,0.4995959929508678,0.001,-1.1774032499021758
three_RF,S3,25.0,126.78082191781,0.49929207244576,0.5001477890547167,0.001,0.8557166089566692
three_RF,S3,25.0,126.98630136986,0.50012546733218,0.5006367198291003,0.001,0.5112524969203003
three_RF,S3,25.0,127.19178082192,0.50052238427429,0.5010719407078821,0.001,0.5495564335921133
three_RF,S3,25.0,127.39726027397,0.50073719568662,0.50146100633016,0.001,0.7238106435399905
three_RF,S3,25.0,127.60273972603,0.50061082494841,0.5018101929471618,0.001,1.1993679987517547
three_RF,S3,25.0,127.80821917808,0.50234623724844,0.5021247478024983,0.001,-0.22148944594169162
three_RF,S3,25.0,128.01369863014,0.50222360725769,0.502409083652609,0.001,0.18547639491894863
three_RF,S3,25.0,128.21917808219,0.50388487152837,0.5026669316526445,0.001,-1.2179398757254933
three_RF,S3,25.0,128.42465753425,0.50212253088343,0.5029014623237589,0.001,0.7789314403289227
three_RF,S3,25.0,128.6301369863,0.50337832725371,0.5031153817557577,0.001,-0.26294549795236044
three_RF,S3,25.0,128.83561643836,0.50398366314406,0.503311008330486,0.001,-0.6726548135739252
three_RF,S3,25.0,129.04109589041,0.50386024824695,0.503490333756268,0.001,-0.36991449068202176
three_RF,S3,25.0,129.24657534247,0.50403747217065,0.5036550709588097,0.001,-0.38240121184029974
three_RF,S3,25.0,129.45205479452,0.50366561911105,0.5038066900640952,0.001,0.1410709530451637
three_RF,S3,25.0,129.65753424658,0.50570698243175,0.5039464419427316,0.001,-1.760540489018414
three_RF,S3,25.0,129.86301369863,0.50414318538475,0.5040753656762884,0.001,-0.06781970846159169
three_RF,S3,25.0,130.06849315068,0.50532393028695,0.5041942696574178,0.001,-1.1296606295322364
three_RF,S3,25.0,130.27397260274,0.50466338204923,0.5043036604775867,0.001,-0.3597215716433233
three_RF,S3,25.0,130.47945205479,0.50475329281562,0.5044035563821018,0.001,-0.3497364335182107
three_RF,S3,25.0,130.68493150685,0.50503014971814,0.504493045358209,0.001,-0.5371043599309289
three_RF,S3,25.0,130.8904109589,0.5045504631376,0.504569454506284,0.001,0.01899136868399598
three_RF,S3,25.0,131.09589041096,0.50478428309429,0.5046286734373764,0.001,-0.1556096569136356
three_RF,S3,25.0,131.30136986301,0.50306158087907,0.5046763344136672,0.001,1.6147535345971686
three_RF,S3,25.0,131.50684931507,0.50417094777518,0.5047375270896826,0.001,0.5665793145025466
three_RF,S3,25.0,131.71232876712,0.50441216035939,0.5048098748821361,0.001,0.39771452274617314
three_RF,S3,25.0,131.91780821918,0.50395509720761,0.5048832671718343,0.001,0.9281699642242902
three_RF,S3,25.0,132.12328767123,0.504988699559,0.5049577961588011,0.001,-0.0309034001989561
three_RF,S3,25.0,132.32876712329,0.50488418870378,0.5050242351683017,0.001,0.14004646452170366
three_RF,S3,25.0,132.53424657534,0.50446325822941,0.5050790653577433,0.001,0.6158071283333122
three_RF,S3,25.0,132.7397260274,0.50376370458714,0.5051216069071269,0.001,1.3579023199868923
three_RF,S3,25.0,132.94520547945,0.50591257346346,0.5051482904214062,0.001,-0.7642830420537816
three_RF,S3,25.0,133.15068493151,0.50514512825551,0.5051471005977858,0.001,0.001972342275835537
three_RF,S3,25.0,133.35616438356,0.5062509581803,0.505077062839798,0.001,-1.1738953405019403
three_RF,S3,25.0,133.56164383562,0.50410095571326,0.5047380250502314,0.001,0.6370693369713853
three_RF,S3,25.0,133.76712328767,0.50042962226983,0.5017517521117585,0.001,1.3221298419284766
three_RF,S3,25.0,133.97260273973,0.50315915691274,0.5012430492247856,0.001,-1.9161076879544714
three_RF,S3,25.0,134.17808219178,0.5054100790703,0.5038932691190611,0.001,-1.5168099512389288
three_RF,S3,25.0,134.38356164384,0.50289633164352,0.504218528792037,0.001,1.3221971485170014
three_RF,S3,25.0,134.58904109589,0.50522474958293,0.5053297078312174,0.001,0.10495824828749001
three_RF,S3,25.0,134.79452054795,0.50564853337435,0.5054991759911168,0.001,-0.14935738323318404
three_RF,S3,25.0,135.0,0.50594137998226,0.5055747947964725,0.001,-0.36658518578747135
three_RF,S3,50.0,105.0,0.50395470774244,0.5038907664223291,0.001,-0.06394132011089404
three_RF,S3,50.0,105.20547945205,0.50461287243211,0.5038110305830705,0.001,-0.8018418490394197
three_RF,S3,50.0,105.41095890411,0.50420254412155,0.5037225773994178,0.001,-0.4799667221321302
three_RF,S3,50.0,105.61643835616,0.50395330453284,0.5036199369750536,0.001,-0.333367557786457
three_RF,S3,50.0,105.82191780822,0.50471495756148,0.5034930685708121,0.001,-1.2218889906678854
three_RF,S3,50.0,106.02739726027,0.50338950958388,0.5033331423082428,0.001,-0.05636727563718136
three_RF,S3,50.0,106.23287671233,0.50316815580928,0.5031611669997708,0.001,-0.006988809509222982
three_RF,S3,50.0,106.43835616438,0.50189713252308,0.5029936896891158,0.001,1.0965571660358497
three_RF,S3,50.0,106.64383561644,0.50176685275915,0.5028285825676039,0.001,1.0617298084538707
three_RF,S3,50.0,106.84931506849,0.50194728237406,0.5027457407377269,0.001,0.7984583636668763
three_RF,S3,50.0,107.05479452055,0.50226567200696,0.5027126211582634,0.001,0.4469491513033885
three_RF,S3,50.0,107.2602739726,0.50247383837643,0.5026543253687245,0.001,0.18048699229444853
three_RF,S3,50.0,107.46575342466,0.50312711468496,0.5025574205278471,0.001,-0.5696941571128322
three_RF,S3,50.0,107.67123287671,0.50275521965707,0.502423168470774,0.001,-0.33205118629608954
three_RF,S3,50.0,107.87671232877,0.50175988563208,0.5022444223352391,0.001,0.4845367031591774
three_RF,S3,50.0,108.08219178082,0.50229190137276,0.5019914298758722,0.001,-0.30047149688783303
three_RF,S3,50.0,108.28767123288,0.50269931420659,0.5015559388544356,0.001,-1.1433753521543633
three_RF,S3,50.0,108.49315068493,0.50046189193499,0.5002906734489153,0.001,-0.17121848607470902
three_RF,S3,50.0,108.69863013699,0.48819513685613,0.4884841332869288,0.001,0.28899643079882686
three_RF,S3,50.0,108.90410958904,0.49531557600147,0.4955682043317308,0.001,0.2526283302607957
three_RF,S3,50.0,109.1095890411,0.45931083138674,0.45941081907045433,0.001,0.09998768371433098
three_RF,S3,50.0,109.31506849315,0.49491301781316,0.4958333498076259,0.001,0.920331994465895
three_RF,S3,50.0,109.52054794521,0.49752256367228,0.49986343914704096,0.001,2.340875474760973
three_RF,S3,50.0,109.72602739726,0.49919917087381,0.5004745537507764,0.001,1.2753828769664355
three_RF,S3,50.0,109.93150684932,0.50253686399453,0.5005454010805658,0.001,-1.991462913964237
three_RF,S3,50.0,110.13698630137,0.50127383954289,0.500450199503032,0.001,-0.8236400398579091
three_RF,S3,50.0,110.34246575342,0.49973789572776,0.5002806022127186,0.001,0.5427064849586327
three_RF,S3,50.0,110.54794520548,0.50016679692993,0.5000670685544455,0.001,-0.09972837548455349
three_RF,S3,50.0,110.75342465753,0.50068203239916,0.4998213999302208,0.001,-0.8606324689391931
three_RF,S3,50.0,110.95890410959,0.50043806750447,0.49954830248204324,0.001,-0.889765022426714
three_RF,S3,50.0,111.16438356164,0.50140678308173,0.49924928966102433,0.001,-2.157493420705703
three_RF,S3,50.0,111.3698630137,0.499511424317,0.4989242038213217,0.001,-0.5872204956783311
three_RF,S3,50.0,111.57534246575,0.49911813736027,0.4985718663469117,0.001,-0.5462710133583015
three_RF,S3,50.0,111.78082191781,0.49793417611321,0.49819036503721936,0.001,0.25618892400935955
three_RF,S3,50.0,111.98630136986,0.49693318055009,0.4977771721323633,0.001,0.8439915822732735
three_RF,S3,50.0,112.19178082192,0.49841194075678,0.49732917304091306,0.001,-1.0827677158669613
three_RF,S3,50.0,112.39726027397,0.49753724372861,0.49684264044276205,0.001,-0.6946032858479723
three_RF,S3,50.0,112.60273972603,0.49746249545076,0.496313168325514,0.001,-1.1493271252460135
three_RF,S3,50.0,112.80821917808,0.49467231056849,0.4957355704815731,0.001,1.0632599130830922
three_RF,S3,50.0,113.01369863014,0.49436012471671,0.49510374211909886,0.001,0.7436174023888742
three_RF,S3,50.0,113.21917808219,0.49420186115375,0.49441047894429063,0.001,0.208617790540655
three_RF,S3,50.0,113.42465753425,0.49343569489025,0.49364724401661947,0.001,0.211549126369448
three_RF,S3,50.0,113.6301369863,0.49315737640613,0.49280386808980214,0.001,-0.3535083163278552
three_RF,S3,50.0,113.83561643836,0.49037846069918,0.4918681632746432,0.001,1.4897025754632143
three_RF,S3,50.0,114.04109589041,0.4898905106472,0.4908254218849368,0.001,0.9349112377367574
three_RF,S3,50.0,114.24657534247,0.49039193828951,0.4896577611571116,0.001,-0.7341771323983726
three_RF,S3,50.0,114.45205479452,0.4874305482499,0.48834325854633653,0.001,0.9127102964365252
three_RF,S3,50.0,114.65753424658,0.488760898296,0.48685479906459855,0.001,-1.906099231401448
three_RF,S3,50.0,114.86301369863,0.48423426573987,0.48515852192700104,0.001,0.9242561871310451
three_RF,S3,50.0,115.06849315068,0.48202256356491,0.4832117027381879,0.001,1.1891391732778978
three_RF,S3,50.0,115.27397260274,0.48136665028252,0.4809598303965452,0.001,-0.40681988597479624
three_RF,S3,50.0,115.47945205479,0.47702863724643,0.4783325201073954,0.001,1.3038828609653885
three_RF,S3,50.0,115.68493150685,0.47556517465712,0.4752377218150706,0.001,-0.3274528420493805
three_RF,S3,50.0,115.8904109589,0.47070443772884,0.47155339909161853,0.001,0.8489613627785109
three_RF,S3,50.0,116.09589041096,0.46589846994785,0.4671154065818452,0.001,1.2169366339951915
three_RF,S3,50.0,116.30136986301,0.46206539430475,0.46169959023182705,0.001,-0.36580407292297057
three_RF,S3,50.0,116.50684931507,0.45443109690805,0.4549950353852863,0.001,0.5639384772362921
three_RF,S3,50.0,116.71232876712,0.44528484234275,0.4465637216199667,0.001,1.2788792772167046
three_RF,S3,50.0,116.91780821918,0.43528010815593,0.4357795101249893,0.001,0.4994019690592877
three_RF,S3,50.0,117.12328767123,0.42274526140791,0.42173682028628984,0.001,-1.008441121620185
three_RF,S3,50.0,117.32876712329,0.40303406831325,0.4031191591649897,0.001,0.08509085173968867
three_RF,S3,50.0,117.53424657534,0.37725914727412,0.3780300811502368,0.001,0.7709338761167639
three_RF,S3,50.0,117.7397260274,0.34395212618822,0.34384831755889644,0.001,-0.10380862932357626
three_RF,S3,50.0,117.94520547945,0.29903923111814,0.29737262440630463,0.001,-1.6666067118353833
three_RF,S3,50.0,118.15068493151,0.2352495866077,0.23606922111636355,0.001,0.8196345086635415
three_RF,S3,50.0,118.35616438356,0.16091323193128,0.1620477910398825,0.001,1.134559108602523
three_RF,S3,50.0,118.56164383562,0.087473595560115,0.08861538215756215,0.001,1.141786597447153
three_RF,S3,50.0,118.76712328767,0.038873773534046,0.03769279317254301,0.001,-1.1809803615029923
three_RF,S3,50.0,118.97260273973,0.018105484944176,0.016398539985112277,0.001,-1.7069449590637227
three_RF,S3,50.0,119.17808219178,0.012008541542748,0.012265601316860919,0.001,0.2570597741129183
three_RF,S3,50.0,119.38356164384,0.016503317639267,0.01581932238981618,0.001,-0.6839952494508208
three_RF,S3,50.0,119.58904109589,0.022549563637264,0.023081484830200907,0.001,0.5319211929369072
three_RF,S3,50.0,119.79452054795,0.02889789985254,0.02992871543230295,0.001,1.0308155797629468
three_RF,S3,50.0,120.0,0.033515917845108,0.03253269462035985,0.001,-0.9832232247481489
three_RF,S3,50.0,120.20547945205,0.03104303189158,0.029192834326993593,0.001,-1.8501975645864066
three_RF,S3,50.0,120.41095890411,0.022216771853088,0.020819821235251515,0.001,-1.3969506178364843
three_RF,S3,50.0,120.61643835616,0.0099851979074726,0.010703678121122537,0.001,0.7184802136499367
three_RF,S3,50.0,120.82191780822,0.0013113190475907,0.0032196890911534346,0.001,1.9083700435627344
three_RF,S3,50.0,121.02739726027,-0.00019898778778301,0.00038230534248516804,0.001,0.5812931302681781
three_RF,S3,50.0,121.23287671233,0.0024034668929085,4.801330538909416e-05,0.001,-2.355453587519406
three_RF,S3,50.0,121.43835616438,-0.00064529401225968,-0.0001995671436869923,0.001,0.4457268685726876
three_RF,S3,50.0,121.64383561644,-0.0014320564877303,-8.723037807501418e-05,0.001,1.3448261096552858
three_RF,S3,50.0,121.84931506849,-0.00078857053080036,0.0004566037118745148,0.001,1.2451742426748749
three_RF,S3,50.0,122.05479452055,0.0081627919289785,0.008634427064349168,0.001,0.47163513537066754
three_RF,S3,50.0,122.2602739726,0.040980355444118,0.041240167186558,0.001,0.25981174243999705
three_RF,S3,50.0,122.46575342466,0.097973274765919,0.09744690641251985,0.001,-0.5263683533991426
three_RF,S3,50.0,122.67123287671,0.16175324929119,0.16104770071104646,0.001,-0.7055485801435446
three_RF,S3,50.0,122.87671232877,0.22079347493745,0.21997897171975186,0.001,-0.8145032176981315
three_RF,S3,50.0,123.08219178082,0.26724521545753,0.2697650114317618,0.001,2.5197959742317977
three_RF,S3,50.0,123.28767123288,0.31047270606385,0.3101547388038541,0.001,-0.3179672599959438
three_RF,S3,50.0,123.49315068493,0.34164588323186,0.3424343008217292,0.001,0.7884175898691947
three_RF,S3,50.0,123.69863013699,0.36828662535144,0.36817521370237444,0.001,-0.11141164906558476
three_RF,S3,50.0,123.90410958904,0.38805488387074,0.38878797551190436,0.001,0.7330916411643629
three_RF,S3,50.0,124.1095890411,0.40444415182266,0.40541497712549884,0.001,0.9708253028388181
three_RF,S3,50.0,124.31506849315,0.41837101613297,0.41894356078139283,0.001,0.5725446484228236
three_RF,S3,50.0,124.52054794521,0.42996019139219,0.43005173335630725,0.001,0.09154196411725879
three_RF,S3,50.0,124.72602739726,0.4399184009705,0.4392553923344811,0.001,-0.6630086360189247
three_RF,S3,50.0,124.93150684932,0.44608134082283,0.4469479276409697,0.001,0.8665868181396696
three_RF,S3,50.0,125.13698630137,0.45283156760743,0.45343096066504085,0.001,0.5993930576108641
three_RF,S3,50.0,125.34246575342,0.45844048189456,0.4589374247660974,0.001,0.496942871537398
three_RF,S3,50.0,125.54794520548,0.4624012624379,0.463648659195722,0.001,1.247396757822039
three_RF,S3,50.0,125.75342465753,0.46904370151231,0.4677070201779893,0.001,-1.3366813343206885
three_RF,S3,50.0,125.95890410959,0.47189409087128,0.47122519827225706,0.001,-0.6688925990229189
three_RF,S3,50.0,126.16438356164,0.4743717259306,0.4742931328948987,0.001,-0.07859303570129095
three_RF,S3,50.0,126.3698630137,0.47706308122399,0.4769831751903347,0.001,-0.07990603365531923
three_RF,S3,50.0,126.57534246575,0.48006164351643,0.4793539702037848,0.001,-0.7076733126452073
three_RF,S3,50.0,126.78082191781,0.4812837766539,0.48145339798807035,0.001,0.16962133417036673
three_RF,S3,50.0,126.98630136986,0.4820462916958,0.4833208188416844,0.001,1.2745271458843854
three_RF,S3,50.0,127.19178082192,0.48615074921276,0.4849888004296624,0.001,-1.1619487830976105
three_RF,S3,50.0,127.39726027397,0.48620774000505,0.4864844562942725,0.001,0.2767162892224895
three_RF,S3,50.0,127.60273972603,0.48763471381377,0.48783049072342705,0.001,0.19577690965705274
three_RF,S3,50.0,127.80821917808,0.49027466617532,0.4890460200502528,0.001,-1.2286461250671787
three_RF,S3,50.0,128.01369863014,0.49002560981786,0.49014722244769643,0.001,0.12161262983645393
three_RF,S3,50.0,128.21917808219,0.49143239807705,0.4911478551035503,0.001,-0.284542973499724
three_RF,S3,50.0,128.42465753425,0.49124585479471,0.49205966797792483,0.001,0.8138131832148288
three_RF,S3,50.0,128.6301369863,0.49204559397419,0.4928927360673757,0.001,0.8471420931857043
three_RF,S3,50.0,128.83561643836,0.49521458457071,0.49365572653421896,0.001,-1.5588580364910287
three_RF,S3,50.0,129.04109589041,0.49373371384401,0.4943561125196836,0.001,0.6223986756735966
three_RF,S3,50.0,129.24657534247,0.49599341917954,0.49500034135983606,0.001,-0.9930778197039247
three_RF,S3,50.0,129.45205479452,0.49547300936428,0.49559396035079173,0.001,0.12095098651171421
three_RF,S3,50.0,129.65753424658,0.4950832884091,0.4961416965619907,0.001,1.0584081528907108
three_RF,S3,50.0,129.86301369863,0.49497099897237,0.49664747491488537,0.001,1.6764759425153541
three_RF,S3,50.0,130.06849315068,0.49892470005143,0.49711433207286204,0.001,-1.8103679785679838
three_RF,S3,50.0,130.27397260274,0.4990655910324,0.4975441206346706,0.001,-1.5214703977294297
three_RF,S3,50.0,130.47945205479,0.49708592626942,0.49793674669988974,0.001,0.8508204304697453
three_RF,S3,50.0,130.68493150685,0.49770760373489,0.4982883766321573,0.001,0.5807728972673232
three_RF,S3,50.0,130.8904109589,0.49957497940727,0.4985881213366923,0.001,-0.9868580705777452
three_RF,S3,50.0,131.09589041096,0.49857392119499,0.4988198057500206,0.001,0.24588455503060658
three_RF,S3,50.0,131.30136986301,0.49853098769084,0.4990080908908337,0.001,0.4771031999937225
three_RF,S3,50.0,131.50684931507,0.49951512150902,0.49925212246572526,0.001,-0.26299904329474266
three_RF,S3,50.0,131.71232876712,0.50068962931029,0.49953831491964995,0.001,-1.1513143906400902
three_RF,S3,50.0,131.91780821918,0.50008163191955,0.499828924916851,0.001,-0.25270700269902635
three_RF,S3,50.0,132.12328767123,0.50028579008856,0.5001234591802775,0.001,-0.1623309082825486
three_RF,S3,50.0,132.32876712329,0.50229074046098,0.5003852783960563,0.001,-1.905462064923702
three_RF,S3,50.0,132.53424657534,0.49882404667391,0.5006011195698288,0.001,1.7770728959187743
three_RF,S3,50.0,132.7397260274,0.49953761175827,0.5007681277196075,0.001,1.2305159613375527
three_RF,S3,50.0,132.94520547945,0.50264528525415,0.5008715202868581,0.001,-1.7737649672918687
three_RF,S3,50.0,133.15068493151,0.50220236746261,0.5008619711424656,0.001,-1.340396320144488
three_RF,S3,50.0,133.35616438356,0.50078121770309,0.5005704724958641,0.001,-0.2107452072259708
three_RF,S3,50.0,133.56164383562,0.49846034692256,0.4991602286447825,0.001,0.6998817222224618
three_RF,S3,50.0,133.76712328767,0.48507751320317,0.48645492894203046,0.001,1.3774157388604658
three_RF,S3,50.0,133.97260273973,0.48761199163835,0.4867506723088186,0.001,-0.8613193295314292
three_RF,S3,50.0,134.17808219178,0.49577245671894,0.49571873117515386,0.001,-0.0537255437861317
three_RF,S3,50.0,134.38356164384,0.49662391038028,0.49756121435737627,0.001,0.9373039770962932
three_RF,S3,50.0,134.58904109589,0.49867807975034,0.5016217867981982,0.001,2.943707047858235
three_RF,S3,50.0,134.79452054795,0.50163071744667,0.5022737842520407,0.001,0.64306680537074
three_RF,S3,50.0,135.0,0.50355994608044,0.5025697721612311,0.001,-0.9901739192088588
three_RF,S3,100.0,105.0,0.49540432268105,0.4959268682524331,0.001,0.5225455713830929
three_RF,S3,100.0,105.20547945205,0.49621034505901,0.4956160446070827,0.001,-0.594300451927321
three_RF,S3,100.0,105.41095890411,0.49472380069251,0.49527270127208656,0.001,0.5489005795765722
three_RF,S3,100.0,105.61643835616,0.49384242438854,0.49487699683548936,0.001,1.0345724469493778
three_RF,S3,100.0,105.82191780822,0.49458781926592,0.49439177962022235,0.001,-0.1960396456976432
three_RF,S3,100.0,106.02739726027,0.49303087631725,0.49377811700321844,0.001,0.7472406859684311
three_RF,S3,100.0,106.23287671233,0.49243321386074,0.4931021174696881,0.001,0.6689036089480571
three_RF,S3,100.0,106.43835616438,0.49277406161153,0.49244967366896825,0.001,-0.3243879425617324
three_RF,S3,100.0,106.64383561644,0.49081503907467,0.4917893756128784,0.001,0.9743365382083868
three_RF,S3,100.0,106.84931506849,0.49093806150231,0.4914201477902543,0.001,0.4820862879442722
three_RF,S3,100.0,107.05479452055,0.49131845864745,0.491286924064375,0.001,-0.03153458307497692
three_RF,S3,100.0,107.2602739726,0.49267608645586,0.4910758224132185,0.001,-1.6002640426414638
three_RF,S3,100.0,107.46575342466,0.48828319025915,0.49071442752731825,0.001,2.4312372681682404
three_RF,S3,100.0,107.67123287671,0.49086930550489,0.49020773732967543,0.001,-0.6615681752145663
three_RF,S3,100.0,107.87671232877,0.48987574222767,0.4895339593402965,0.001,-0.3417828873735207
three_RF,S3,100.0,108.08219178082,0.48736163196993,0.48859266525446854,0.001,1.2310332845385519
three_RF,S3,100.0,108.28767123288,0.48776372656076,0.48702634210579443,0.001,-0.7373844549655728
three_RF,S3,100.0,108.49315068493,0.48163618733924,0.48288765119420307,0.001,1.251463854963053
three_RF,S3,100.0,108.69863013699,0.44651487449107,0.44583369810042783,0.001,-0.6811763906421908
three_RF,S3,100.0,108.90410958904,0.46590135830884,0.4654425247693817,0.001,-0.4588335394583032
three_RF,S3,100.0,109.1095890411,0.36704248931264,0.3677129927672361,0.001,0.6705034545961275
three_RF,S3,100.0,109.31506849315,0.45964896324937,0.45961846856508637,0.001,-0.030494684283621787
three_RF,S3,100.0,109.52054794521,0.48099285469856,0.47960693603107274,0.001,-1.3859186674872737
three_RF,S3,100.0,109.72602739726,0.48467377418002,0.4824753293989479,0.001,-2.1984447810721175
three_RF,S3,100.0,109.93150684932,0.48363119512381,0.4828789520395093,0.001,-0.7522430843006633
three_RF,S3,100.0,110.13698630137,0.48315414412479,0.4825636234184149,0.001,-0.5905207063751083
three_RF,S3,100.0,110.34246575342,0.48236066639003,0.4819385770545364,0.001,-0.42208933549359173
three_RF,S3,100.0,110.54794520548,0.48145288490503,0.48113684766682946,0.001,-0.3160372382005616
three_RF,S3,100.0,110.75342465753,0.48048841091819,0.48020970345721326,0.001,-0.2787074609767459
three_RF,S3,100.0,110.95890410959,0.47939295422222,0.47917801192407516,0.001,-0.2149422981448379
three_RF,S3,100.0,111.16438356164,0.47766225795447,0.47804925791775477,0.001,0.38699996328478425
three_RF,S3,100.0,111.3698630137,0.47758296359126,0.4768241070866981,0.001,-0.7588565045619222
three_RF,S3,100.0,111.57534246575,0.47498373921483,0.4754992063600477,0.001,0.5154671452177184
three_RF,S3,100.0,111.78082191781,0.47423584778431,0.47406844333216425,0.001,-0.1674044521457474
three_RF,S3,100.0,111.98630136986,0.47365761959292,0.47252350099944823,0.001,-1.134118593471789
three_RF,S3,100.0,112.19178082192,0.46953783113519,0.4708540533610442,0.001,1.3162222258542022
three_RF,S3,100.0,112.39726027397,0.47024501326253,0.469047753654775,0.001,-1.1972596077549635
three_RF,S3,100.0,112.60273972603,0.46741839915177,0.46709008298563204,0.001,-0.3283161661379874
three_RF,S3,100.0,112.80821917808,0.46774419043675,0.46496408705990794,0.001,-2.780103376842036
three_RF,S3,100.0,113.01369863014,0.46230407137608,0.46265000730351374,0.001,0.34593592743376034
three_RF,S3,100.0,113.21917808219,0.46040050112751,0.4601247992348633,0.001,-0.27570189264669587
three_RF,S3,100.0,113.42465753425,0.45796467298422,0.4573615206301927,0.001,-0.6031523540273032
three_RF,S3,100.0,113.6301369863,0.45565732692576,0.45432856234391694,0.001,-1.328764581843056
three_RF,S3,100.0,113.83561643836,0.45025348033059,0.4509886839960052,0.001,0.7352036654152405
three_RF,S3,100.0,114.04109589041,0.44738688186638,0.44729780407659925,0.001,-0.08907778978073377
three_RF,S3,100.0,114.24657534247,0.44303629156743,0.44320347824428913,0.001,0.16718667685911015
three_RF,S3,100.0,114.45205479452,0.43722505719886,0.43864297983431744,0.001,1.4179226354574248
three_RF,S3,100.0,114.65753424658,0.43397344493777,0.43354087198404206,0.001,-0.4325729537279499
three_RF,S3,100.0,114.86301369863,0.42653173249499,0.4278059311174224,0.001,1.2741986224323876
three_RF,S3,100.0,115.06849315068,0.4217896271456,0.42132724782096403,0.001,-0.462379324635942
three_RF,S3,100.0,115.27397260274,0.41383256733055,0.4139692978288523,0.001,0.13673049830226214
three_RF,S3,100.0,115.47945205479,0.4063749607254,0.405565754413178,0.001,-0.8092063122220328
three_RF,S3,100.0,115.68493150685,0.39552836684686,0.39591183074566794,0.001,0.3834638988079453
three_RF,S3,100.0,115.8904109589,0.38410540371666,0.3847550550281699,0.001,0.6496513115099023
three_RF,S3,100.0,116.09589041096,0.37037404338485,0.37178471394827134,0.001,1.4106705634213124
three_RF,S3,100.0,116.30136986301,0.35598679544326,0.35662099736148845,0.001,0.6342019182284386
three_RF,S3,100.0,116.50684931507,0.34000237433399,0.3388066187202955,0.001,-1.1957556136945047
three_RF,S3,100.0,116.71232876712,0.31602528266419,0.3178072580257955,0.001,1.7819753616055145
three_RF,S3,100.0,116.91780821918,0.29248048975645,0.2930340566333648,0.001,0.5535668769147684
three_RF,S3,100.0,117.12328767123,0.26494585619644,0.26391353339176404,0.001,-1.032322804675967
three_RF,S3,100.0,117.32876712329,0.23002677168559,0.2300484143675471,0.001,0.02164268195711805
three_RF,S3,100.0,117.53424657534,0.19241336361191,0.19152962615555674,0.001,-0.8837374563532563
three_RF,S3,100.0,117.7397260274,0.15019346570449,0.14944070063488116,0.001,-0.752765069608835
three_RF,S3,100.0,117.94520547945,0.10827479466581,0.10644909560019238,0.001,-1.8256990656176224
three_RF,S3,100.0,118.15068493151,0.067011416680066,0.06698429114462101,0.001,-0.027125535444982862
three_RF,S3,100.0,118.35616438356,0.037199838878656,0.03605795669805814,0.001,-1.1418821805978598
three_RF,S3,100.0,118.56164383562,0.017277329115746,0.016462554374834952,0.001,-0.8147747409110485
three_RF,S3,100.0,118.76712328767,0.0071462620622284,0.006738766749699341,0.001,-0.40749531252905896
three_RF,S3,100.0,118.97260273973,0.003364099548159,0.002856478036050093,0.001,-0.5076215121089072
three_RF,S3,100.0,119.17808219178,0.00056902224730472,0.0014859290935020082,0.001,0.9169068461972882
three_RF,S3,100.0,119.38356164384,0.0015176926834923,0.001012164082362369,0.001,-0.505528601129931
three_RF,S3,100.0,119.58904109589,0.0020001938706817,0.0008317917899874954,0.001,-1.1684020806942046
three_RF,S3,100.0,119.79452054795,0.001192043273567,0.0007125389167105459,0.001,-0.47950435685645415
three_RF,S3,100.0,120.0,0.0014237787885389,0.0005593563154929288,0.001,-0.8644224730459713
three_RF,S3,100.0,120.20547945205,0.00042811516619788,0.00036826983155537307,0.001,-0.05984533464250695
three_RF,S3,100.0,120.41095890411,-0.00090237817861516,0.00018793321709913375,0.001,1.0903113957142938
three_RF,S3,100.0,120.61643835616,0.00089623599390328,7.310518524068393e-05,0.001,-0.823130808662596
three_RF,S3,100.0,120.82191780822,0.00051662683022508,2.0548959299116137e-05,0.001,-0.4960778709259639
three_RF,S3,100.0,121.02739726027,0.00010530170177244,1.6133772047925552e-05,0.001,-0.08916792972451446
three_RF,S3,100.0,121.23287671233,0.0011718626473081,7.668151205678011e-05,0.001,-1.0951811352513199
three_RF,S3,100.0,121.43835616438,-0.00074894199914406,1.660262627667049e-05,0.001,0.7655446254207304
three_RF,S3,100.0,121.64383561644,-4.9938153647304e-05,-9.8247492243887e-06,0.001,0.0401134044229153
three_RF,S3,100.0,121.84931506849,-0.00042061397388015,-2.5913904636603e-05,0.001,0.394700069243547
three_RF,S3,100.0,122.05479452055,0.00014313345918584,0.0002281177125173154,0.001,0.0849842533314754
three_RF,S3,100.0,122.2602739726,0.0011027836843124,0.0014803106483495614,0.001,0.3775269640371615
three_RF,S3,100.0,122.46575342466,0.0053378750920775,0.006183172679055176,0.001,0.8452975869776758
three_RF,S3,100.0,122.67123287671,0.018295303147915,0.01739043599581777,0.001,-0.9048671520972273
three_RF,S3,100.0,122.87671232877,0.037194643201932,0.0366689998402147,0.001,-0.5256433617173012
three_RF,S3,100.0,123.08219178082,0.063166956165676,0.06313661518075857,0.001,-0.030340984917429092
three_RF,S3,100.0,123.28767123288,0.095554038751409,0.09437187656095757,0.001,-1.1821621904514328
three_RF,S3,100.0,123.49315068493,0.12802256620112,0.12770006944887213,0.001,-0.32249675224788055
three_RF,S3,100.0,123.69863013699,0.16065411492054,0.1609668751954154,0.001,0.3127602748753955
three_RF,S3,100.0,123.90410958904,0.19167634945937,0.19274148519538445,0.001,1.0651357360144387
three_RF,S3,100.0,124.1095890411,0.22216802586195,0.2222246475337112,0.001,0.056621671761208914
three_RF,S3,100.0,124.31506849315,0.24929592369111,0.24907243232408108,0.001,-0.22349136702892736
three_RF,S3,100.0,124.52054794521,0.27196736883713,0.27323067377239385,0.001,1.2633049352638315
three_RF,S3,100.0,124.72602739726,0.29333906142795,0.29481193919961224,0.001,1.4728777716622177
three_RF,S3,100.0,124.93150684932,0.31444754740854,0.31401342026878337,0.001,-0.43412713975660155
three_RF,S3,100.0,125.13698630137,0.3310468229107,0.33106664497682897,0.001,0.019822066128993843
three_RF,S3,100.0,125.34246575342,0.34579272513309,0.3462073506323055,0.001,0.41462549921550407
three_RF,S3,100.0,125.54794520548,0.35947868768617,0.35966004463313417,0.001,0.18135694696419513
three_RF,S3,100.0,125.75342465753,0.3709824141125,0.3716304521287131,0.001,0.6480380162131039
three_RF,S3,100.0,125.95890410959,0.38490461288148,0.3823025763822424,0.001,-2.60203649923757
three_RF,S3,100.0,126.16438356164,0.39195798296388,0.39183861288642713,0.001,-0.11937007745288497
three_RF,S3,100.0,126.3698630137,0.40126914846681,0.4003802984799824,0.001,-0.888849986827589
three_RF,S3,100.0,126.57534246575,0.40686527156826,0.40805083172639856,0.001,1.1855601581385322
three_RF,S3,100.0,126.78082191781,0.41428884025145,0.4149569587745386,0.001,0.6681185230885678
three_RF,S3,100.0,126.98630136986,0.42378047652278,0.4211910309467276,0.001,-2.589445576052396
three_RF,S3,100.0,127.19178082192,0.42523648051875,0.42683292652579685,0.001,1.5964460070468367
three_RF,S3,100.0,127.39726027397,0.43354021974072,0.4319517802752661,0.001,-1.5884394654538947
three_RF,S3,100.0,127.60273972603,0.43656333224386,0.4366075020081362,0.001,0.04416976427618069
three_RF,S3,100.0,127.80821917808,0.43959983689104,0.4408520897877811,0.001,1.252252896741135
three_RF,S3,100.0,128.01369863014,0.44574588556133,0.4447307554042223,0.001,-1.015130157107691
three_RF,S3,100.0,128.21917808219,0.44956214907842,0.44828288359972746,0.001,-1.2792654786925595
three_RF,S3,100.0,128.42465753425,0.4519317764833,0.4515428460067538,0.001,-0.38893047654620094
three_RF,S3,100.0,128.6301369863,0.45325655099081,0.4545406882245394,0.001,1.2841372337293877
three_RF,S3,100.0,128.83561643836,0.45775575192939,0.45730270490082137,0.001,-0.45304702856863166
three_RF,S3,100.0,129.04109589041,0.45920568291185,0.4598519129686695,0.001,0.646230056819519
three_RF,S3,100.0,129.24657534247,0.46391086961165,0.46220842631990156,0.001,-1.7024432917484567
three_RF,S3,100.0,129.45205479452,0.46468100832273,0.4643897235955702,0.001,-0.2912847271598351
three_RF,S3,100.0,129.65753424658,0.46523061450988,0.4664107783755134,0.001,1.1801638656334101
three_RF,S3,100.0,129.86301369863,0.46794198615203,0.46828397319549175,0.001,0.3419870434617778
three_RF,S3,100.0,130.06849315068,0.46777033002303,0.4700186086409647,0.001,2.248278617934696
three_RF,S3,100.0,130.27397260274,0.472697259083,0.47161955276025175,0.001,-1.0777063227482286
three_RF,S3,100.0,130.47945205479,0.47411118488568,0.47308393825607015,0.001,-1.027246629609846
three_RF,S3,100.0,130.68493150685,0.47524217009969,0.4743935913191614,0.001,-0.8485787805285749
three_RF,S3,100.0,130.8904109589,0.47622222435297,0.47550204053530654,0.001,-0.7201838176634778
three_RF,S3,100.0,131.09589041096,0.47665828663115,0.47635020925227517,0.001,-0.3080773788748381
three_RF,S3,100.0,131.30136986301,0.47626516029936,0.477071199845003,0.001,0.8060395456430114
three_RF,S3,100.0,131.50684931507,0.47760131501861,0.4780338765339876,0.001,0.43256151537762744
three_RF,S3,100.0,131.71232876712,0.48025423587599,0.47912801334803423,0.001,-1.1262225279557447
three_RF,S3,100.0,131.91780821918,0.48007401156768,0.48024490979460255,0.001,0.17089822692256673
three_RF,S3,100.0,132.12328767123,0.48032223220608,0.4813663653285831,0.001,1.0441331225031214
three_RF,S3,100.0,132.32876712329,0.48270986699753,0.48235265868016314,0.001,-0.35720831736685277
three_RF,S3,100.0,132.53424657534,0.48370986860963,0.483162230520531,0.001,-0.5476380890990229
three_RF,S3,100.0,132.7397260274,0.48399833838659,0.48378099946880415,0.001,-0.21733891778585868
three_RF,S3,100.0,132.94520547945,0.48548498587989,0.4841415036267346,0.001,-1.3434822531553925
three_RF,S3,100.0,133.15068493151,0.48376383941924,0.4840248418851565,0.001,0.26100246591648224
three_RF,S3,100.0,133.35616438356,0.48331128896658,0.4826648551928089,0.001,-0.6464337737711046
three_RF,S3,100.0,133.56164383562,0.47507310423276,0.47604854593258583,0.001,0.9754416998258297
three_RF,S3,100.0,133.76712328767,0.41120476205758,0.41197729839849534,0.001,0.7725363409153418
three_RF,S3,100.0,133.97260273973,0.44461534568952,0.4450600498658303,0.001,0.44470417631031767
three_RF,S3,100.0,134.17808219178,0.45980589436354,0.4603913219085815,0.001,0.5854275450414836
three_RF,S3,100.0,134.38356164384,0.47576131035492,0.4759116199424132,0.001,0.15030958749323586
three_RF,S3,100.0,134.58904109589,0.48892513178406,0.4874755658205437,0.001,-1.4495659635163083
three_RF,S3,100.0,134.79452054795,0.4899572698243,0.48972452163960684,0.001,-0.2327481846931545
three_RF,S3,100.0,135.0,0.49206375065333,0.49081323678607397,0.001,-1.2505138672560534
